U,beta,L0_0,L0_1,L0_2,L0_3,L0_4,L0_5,L0_6,L0_7,L0_8,L0_9,L0_10,L0_11,L0_12,L0_13,L0_14,L0_15,L0_16,L0_17,L0_18,L0_19,L0_20,L0_21,L0_22,L0_23,L0_24,L0_25,L0_26,L0_27,L0_28,L0_29
8.0,25.0,0.3426604368423222,-0.183524139004988,-0.1043193059796096,-0.0389508261617345,-0.0115367550233194,-0.0031041844872127,-0.0008708456627146,-0.0002574440051388,-7.316803085436187e-05,-1.8636782641717102e-05,-4.147938665043682e-06,-8.028653780827992e-07,-1.3408466071214225e-07,-1.7760070004621512e-08,-2.6284367871128083e-10,1.7812230251087163e-09,1.4528302416510141e-09,8.11732609578337e-10,1.1119092407737917e-11,-9.523847010747188e-10,-1.9328384298839023e-09,-2.840988217203614e-09,-3.6701378020911134e-09,-4.3444527525880474e-09,-4.697937797077187e-09,-4.6234510478500535e-09,-4.152325722301238e-09,-3.304196016714474e-09,-1.948738670684175e-09,-3.8172758383178205e-10
4.5,5.0,0.0330946223458025,-0.0211334671778986,-0.009719724878273,-0.0019934389360353,-0.0002301606750391,-1.693735069295248e-05,-8.603861818789583e-07,-3.18787701445649e-08,-8.626005849279784e-10,2.0842253795020345e-11,4.1660205697824464e-11,4.2769912700370166e-11,4.2611228807955785e-11,4.166409968377501e-11,3.659017398824279e-11,3.359072857958296e-11,2.147580686137918e-11,1.2370909739596916e-11,1.1389232733047885e-12,-1.533048920351066e-11,-3.0698546873193176e-11,-4.2655245440490646e-11,-5.453803100287279e-11,-6.600084814726249e-11,-7.142329911385272e-11,-6.814956239352966e-11,-6.059148320626253e-11,-5.057155392466589e-11,-2.8359298732983528e-11,-6.689674015903826e-12
6.0,8.0,0.0017067195859572,-0.0005245297135536,-0.0005656056491425,-0.0003707789453697,-0.0001695482689866,-5.749744741863979e-05,-1.503253722526527e-05,-3.1185435056263114e-06,-5.252015672727008e-07,-7.309447829842599e-08,-8.449475103550341e-09,-7.239572091367495e-10,5.765427252825039e-11,1.1959523634356776e-10,1.1268250393041862e-10,9.438872672814476e-11,6.911602955107479e-11,3.710593851511423e-11,-7.6237504563429e-13,-4.293324287384507e-11,-8.721355580627327e-11,-1.3051296376080062e-10,-1.6892243230739516e-10,-1.9813742845900856e-10,-2.1391647781903167e-10,-2.1250214766782726e-10,-1.9125010740355862e-10,-1.4955647625314473e-10,-8.968851331230212e-11,-1.6551972109566743e-11
8.0,25.0,0.0058813147428276,-0.0010912315067878,-0.0014744403491481,-0.0013602307993218,-0.0009694957539458,-0.000559164660951,-0.0002674265663664,-0.0001077558120359,-3.701597473053652e-05,-1.0944571801317262e-05,-2.8070524049628057e-06,-6.27490640782925e-07,-1.213179537802532e-07,-1.86273586681474e-08,-5.191648452357174e-10,1.937789498808792e-09,1.7015288701353701e-09,9.4128679953567e-10,-1.5503917655993708e-11,-1.094557786089608e-09,-2.225223215921816e-09,-3.3259567908135486e-09,-4.305216990484782e-09,-5.055125293558816e-09,-5.459681629362443e-09,-5.420278839247421e-09,-4.878597626622166e-09,-3.822439171491363e-09,-2.2905243627971204e-09,-4.27410641562118e-10
3.5,15.0,0.0581421793841697,-0.0321239372010403,-0.0110914284035302,-0.0078444123677028,-0.0041622401379946,-0.0018165790672781,-0.0007094062238908,-0.000261309300016,-9.138126193407402e-05,-2.967282325641121e-05,-8.741153665435548e-06,-2.3029059881435832e-06,-5.356524603243318e-07,-1.0494732904847077e-07,-1.2297134455026366e-08,4.3267606146416166e-09,5.318823937845095e-09,3.0943538454015633e-09,-6.032583027085467e-11,-3.668390927950281e-09,-7.455283389028328e-09,-1.1142385341654424e-08,-1.4422522429207173e-08,-1.6934205923162883e-08,-1.8288840563864133e-08,-1.8156337867390023e-08,-1.6341569372480462e-08,-1.280380482043151e-08,-7.672837016299203e-09,-1.43323685379801e-09
3.0,20.0,0.2322246560436989,-0.1501361325627815,-0.0590784773709134,-0.0138478811514539,-0.0047646222206064,-0.002424127709722,-0.0011827842054512,-0.0005059532492367,-0.0001914217069118,-6.513989361472019e-05,-2.020721057706902e-05,-5.757487774613127e-06,-1.504388377375471e-06,-3.522291726381668e-07,-6.581785846448227e-08,-2.3142448762774353e-09,7.679986495281749e-09,5.343059962922904e-09,-1.8024267690983928e-10,-6.85374691280461e-09,-1.3908890319764692e-08,-2.0777769093577608e-08,-2.689336557734096e-08,-3.1583704509060566e-08,-3.4112118815402976e-08,-3.3858739319727646e-08,-3.0474923143758966e-08,-2.3890802192802912e-08,-1.4317960712665303e-08,-2.692047016986141e-09
4.5,20.0,0.3521922910961513,-0.2664330588944613,-0.0670829095482474,-0.0103490572757927,-0.0037860255514732,-0.0022905258751667,-0.0012657523718132,-0.000603821598065,-0.0002502514888929,-9.079672532911744e-05,-2.9021156914179863e-05,-8.208351238947347e-06,-2.053560172444226e-06,-4.447326106901141e-07,-7.228642887849832e-08,2.079403089893773e-09,1.1429423166418224e-08,7.290273858950373e-09,-1.7559219708458018e-10,-8.931856647971025e-09,-1.8145528514672245e-08,-2.7111906661812704e-08,-3.509139460102632e-08,-4.120699557033726e-08,-4.45039828480996e-08,-4.417594804717794e-08,-3.97614070503134e-08,-3.11672518138966e-08,-1.8684147161002323e-08,-3.5184571530836398e-09
4.0,5.0,0.1334259319352467,-0.1140018972994018,-0.0142771164721563,-0.004150850269449,-0.00086332686351,-0.0001199890443616,-1.1832402657206427e-05,-8.675587542316373e-07,-4.8867865865699976e-08,-2.000577576082509e-09,1.239745865995647e-10,2.0502584316406323e-10,2.0704564753375207e-10,2.0198511219485887e-10,1.8019242850100342e-10,1.606395000931486e-10,1.0774248034424228e-10,6.022816398794867e-11,2.682346776808187e-12,-7.369325443142243e-11,-1.4740102821983511e-10,-2.0928194748982567e-10,-2.6780728983442357e-10,-3.195709920033859e-10,-3.446214903142205e-10,-3.3264107997288477e-10,-2.9645768408152993e-10,-2.419182910730717e-10,-1.395948137225056e-10,-3.301845593142146e-11
4.5,25.0,0.0026963559285605,-0.0003708793110383,-0.0005427693935269,-0.0005668180619705,-0.0004770793843833,-0.0003381970264509,-0.0002063750421617,-0.0001098359782155,-5.144526982342788e-05,-2.1350987304438566e-05,-7.894259071332908e-06,-2.6109021438392005e-06,-7.735165160457323e-07,-2.0377569045077762e-07,-4.5691341367672863e-08,-6.763309619072708e-09,1.058132784485955e-09,1.3805752388432912e-09,-1.0030449486491984e-10,-2.089220238708446e-09,-4.229515132105533e-09,-6.326130369103648e-09,-8.190354022164605e-09,-9.614227720598825e-09,-1.0384195415722202e-08,-1.0315145476979529e-08,-9.287442090035974e-09,-7.274637631035791e-09,-4.367788745240578e-09,-8.232956686589991e-10
4.5,10.0,0.2498978703958103,-0.217789628913705,-0.0270192864616834,-0.0039774743066369,-0.0008909294082123,-0.0001840889446129,-3.151171609410929e-05,-4.397056844495364e-06,-5.014223360982974e-07,-4.71098714419684e-08,-3.540394608244296e-09,-5.1582300328260436e-11,1.8552532174709923e-10,1.9845000556593944e-10,1.7624575200195234e-10,1.6527856971878492e-10,1.0367683920934008e-10,5.976877471405042e-11,5.521335013444405e-12,-7.640865100472616e-11,-1.5088539275686084e-10,-2.0561844528336006e-10,-2.6041273331413577e-10,-3.1467984482552597e-10,-3.3871527562592275e-10,-3.1913727633817217e-10,-2.8191952740329355e-10,-2.3824713411806327e-10,-1.3359452272263968e-10,-3.8544384394379535e-11
4.5,5.0,0.045629061708649,-0.0347895250023958,-0.0096545510860641,-0.0011115420483177,-7.051311342946505e-05,-2.8487153237050462e-06,-8.00293105454592e-08,-1.6508926972976215e-09,-1.524527361080739e-11,1.1056628170319915e-11,1.034174223731186e-11,1.0137557275965243e-11,1.045450561280662e-11,1.1465605429435351e-11,9.420484272480867e-12,1.1396450313091944e-11,4.85418157092679e-12,3.484471941128792e-12,1.377064245886275e-12,-5.34946260749477e-12,-1.0162693760618956e-11,-1.1317772688384108e-11,-1.3677613941009544e-11,-1.8088442307356758e-11,-1.9499631536434567e-11,-1.603957216143178e-11,-1.3475650381487013e-11,-1.4117816104239068e-11,-6.450970842304509e-12,-3.4712260279364198e-12
6.0,5.0,0.0997944448279015,-0.0967029144817492,-0.0028836261301905,-0.0001710965460696,-3.172645086144103e-05,-4.572308791144681e-06,-4.7058127625508164e-07,-3.6080129394428734e-08,-2.127471706328637e-09,-9.421156496352416e-11,-2.131510047122102e-12,2.7038678544329415e-13,1.714490829353908e-12,5.18810715289228e-12,4.059731742144631e-12,9.565608611010739e-12,1.3741935767007658e-12,1.918411955502338e-12,1.8815232303757653e-12,-5.015673377862068e-12,-8.28605234071538e-12,-5.343270657966159e-12,-4.537732301720274e-12,-7.779906511567667e-12,-7.556448068163396e-12,-1.4142200213938094e-12,7.582951048541598e-13,-5.189969571092695e-12,-5.197615736012603e-13,-6.091442604272079e-12
3.5,25.0,0.2705385376991014,-0.1272340260247138,-0.0759923306268229,-0.0438224375384035,-0.01731050107934,-0.0049258090772151,-0.0010531125774105,-0.0001745988314497,-2.3023099600392e-05,-2.465905938065524e-06,-2.187232050596481e-07,-1.6720568056086984e-08,-1.532819568630652e-09,-5.288181580446752e-10,-4.5298432326854886e-10,-3.271040515652304e-10,-2.9249656682730585e-10,-1.4127392824636175e-10,2.8950453007262543e-11,1.4990555252973667e-10,3.079859770853529e-10,5.126864482371179e-10,6.707028084480268e-10,7.475216950726874e-10,7.999107105948101e-10,8.384386481430773e-10,7.645272865925413e-10,5.434756622627493e-10,3.6281135059134566e-10,5.411779729743936e-11
6.0,10.0,0.0758698015670645,-0.0626904140425322,-0.0106756772948212,-0.0018169438130565,-0.0004818932005111,-0.0001431086792843,-4.4336103897492366e-05,-1.3088718089397632e-05,-3.404901202762378e-06,-7.593745670557597e-07,-1.4475768586796964e-07,-2.3458300704079108e-08,-2.9598763192512382e-09,1.7162794641456043e-11,3.544253182045402e-10,3.3733047394071055e-10,2.4373678914572007e-10,1.3266561349737935e-10,-2.1146865259578543e-14,-1.5567319216575774e-10,-3.1509269244018656e-10,-4.6462676090726056e-10,-5.996772475568263e-10,-7.071120140388394e-10,-7.634266877589149e-10,-7.524652389660802e-10,-6.755567015493162e-10,-5.347812123069906e-10,-3.1720143510957727e-10,-6.281275318293537e-11
4.5,25.0,0.3235801649067873,-0.195623887806777,-0.0649697232782784,-0.0360507975020521,-0.0177750182194531,-0.0066669866033768,-0.0019428792699451,-0.0004507635242326,-8.493238394018182e-05,-1.3211730037498946e-05,-1.7171753753624617e-06,-1.8443347528902625e-07,-1.1981258733760203e-08,4.340009947727396e-09,5.129198915930088e-09,4.427915769283135e-09,3.18010120334481e-09,1.7276707976601543e-09,-1.7391523867413664e-12,-2.013589276077832e-09,-4.087066851163053e-09,-6.051744298818161e-09,-7.823975972393549e-09,-9.22638133623218e-09,-9.970296878562896e-09,-9.849779709226261e-09,-8.85279463371014e-09,-6.992014643671987e-09,-4.148651125998626e-09,-7.854964467816895e-10
3.5,5.0,0.2494211906165045,-0.208214360029175,-0.0362552013896961,-0.0044518308234916,-0.0004618458879246,-3.585035002952412e-05,-2.0149101906670155e-06,-8.41874384561274e-08,-2.63324565902857e-09,1.0633205290896264e-11,7.261551662619024e-11,7.301728913286089e-11,7.501429654614081e-11,7.994530441939981e-11,6.826999779055929e-11,7.509723911328265e-11,3.7496615928848946e-11,2.4331786469560886e-11,6.405698878474876e-12,-3.532436763356599e-11,-6.758432714141694e-11,-8.099240196708995e-11,-9.928300520421196e-11,-1.2599526336893428e-10,-1.3521517854364788e-10,-1.1702873623741384e-10,-1.0010879735912102e-10,-9.62208195579148e-11,-4.814731875484848e-11,-2.223042136353386e-11
5.0,25.0,0.0080393953223735,-0.0014462460306241,-0.0019637627354393,-0.0018307690255196,-0.0013308214878876,-0.0007938104253651,-0.0004003454862951,-0.0001744499283045,-6.680500683181338e-05,-2.278302550162232e-05,-6.985606307628955e-06,-1.93568576756709e-06,-4.8375676284776e-07,-1.063706375195357e-07,-1.7825394979560433e-08,3.624143056837614e-10,2.7850043833659347e-09,1.799456473202581e-09,-4.8865947394323294e-11,-2.224018603955766e-09,-4.518223788914296e-09,-6.7558374774790406e-09,-8.745732858440292e-09,-1.0267765293377322e-08,-1.1089679787519154e-08,-1.1012336579010384e-08,-9.913189557023337e-09,-7.765942668336581e-09,-4.657430847618218e-09,-8.725825132787613e-10
5.0,10.0,0.1705886412967779,-0.1448309009717032,-0.019831976680244,-0.0048965194202899,-0.0009047340948896,-0.0001135171795028,-1.0254924182253824e-05,-6.988875659432277e-07,-3.711030988644641e-08,-1.49686085657948e-09,3.201884781402553e-11,8.594234938525524e-11,8.857193504595709e-11,9.035950940395694e-11,7.878017821782302e-11,7.858359983254309e-11,4.513940819040517e-11,2.723185200184511e-11,4.3699299562145386e-12,-3.6533369378747916e-11,-7.131024209808398e-11,-9.248371070926268e-11,-1.1582118008878656e-10,-1.4267014492348655e-10,-1.5350424393357428e-10,-1.4027399594942628e-10,-1.2257683964980718e-10,-1.0856714349128948e-10,-5.828896951885794e-11,-2.006931286700829e-11
4.0,5.0,0.0110507927251362,-0.0048718924901881,-0.003930791751806,-0.0016917057811423,-0.0004584871199755,-8.517082047942203e-05,-1.1475652521009937e-05,-1.1692682622759623e-06,-9.296669950862749e-08,-5.805766628360364e-09,-1.672425033486847e-10,1.3328428622900535e-10,1.4508843229661036e-10,1.3907732668020356e-10,1.2494313208027435e-10,1.0593708507115258e-10,7.583457257286423e-11,4.121599895516432e-11,-1.0243585836213523e-14,-4.8143029471474265e-11,-9.767907221203259e-11,-1.4449142029500588e-10,-1.8677900213289727e-10,-2.2034430361006327e-10,-2.38115113566074e-10,-2.3510965460778817e-10,-2.1125926263640487e-10,-1.6694954602253443e-10,-9.889729179700656e-11,-1.861764668123405e-11
4.5,15.0,0.0378439047163144,-0.0094278805446375,-0.0111976336558744,-0.0085902669251548,-0.004935083617988,-0.0022959815411844,-0.0009173278256852,-0.0003283350570338,-0.0001075024630458,-3.224992975250178e-05,-8.79428589452279e-06,-2.1583359078495385e-06,-4.688985426997128e-07,-8.390571486932331e-08,-6.2066672082070515e-09,6.489724527035532e-09,6.382702376303563e-09,3.6042166529817164e-09,-6.535383763826441e-11,-4.228833104716569e-09,-8.595024566424535e-09,-1.2846392916750364e-08,-1.6628317037642376e-08,-1.9523848006263912e-08,-2.1085649553099146e-08,-2.093324217373587e-08,-1.884059999397218e-08,-1.4760302475030686e-08,-8.84377417887159e-09,-1.647628780775721e-09
5.5,8.0,0.0037775791020069,-0.0018453944511661,-0.0013235876220556,-0.0004832878575763,-0.0001074792619785,-1.5992328446353057e-05,-1.6949678610933118e-06,-1.339460420495731e-07,-8.158428033727128e-09,-3.750600834987625e-10,6.95385037436519e-12,2.2593170088590275e-11,2.2920383031905123e-11,2.188708567741572e-11,1.9823763729117983e-11,1.6538685323025334e-11,1.214166139965031e-11,6.490617805373308e-12,-1.8602314187635402e-13,-7.561359147272888e-12,-1.531262760123012e-11,-2.2910781207386474e-11,-2.9620730515757056e-11,-3.467510181456494e-11,-3.739334216671431e-11,-3.714465037314167e-11,-3.341375009432374e-11,-2.608099593821376e-11,-1.5685452421906316e-11,-2.962649333592629e-12
8.0,25.0,0.3767045316249356,-0.2049080864757325,-0.1050356071311502,-0.0370521861244908,-0.016036490882552,-0.0078076057494024,-0.0035197624056772,-0.0014421916498725,-0.0005586165618047,-0.0002131433462378,-8.165887197226448e-05,-3.1106756529564034e-05,-1.148092736915182e-05,-3.995281355032645e-06,-1.2750949670871857e-06,-3.560137234353815e-07,-7.674778475010325e-08,-9.21876376219508e-09,-7.850282258981457e-09,-2.6578447967609254e-08,-5.095631192503887e-08,-7.572928238578496e-08,-9.797136321066017e-08,-1.150386386166381e-07,-1.242673105975601e-07,-1.2341078694841356e-07,-1.1112333233620173e-07,-8.711960500145447e-08,-5.2311360181420494e-08,-9.949206205531489e-09
8.0,8.0,0.1327786358493621,-0.1188703443686123,-0.0086655551994502,-0.0033423960113843,-0.0013732150655152,-0.0004135678877465,-9.417552583514306e-05,-1.671035669818781e-05,-2.3665858031708963e-06,-2.7240549999786624e-07,-2.532941690806712e-08,-1.2973962410490632e-09,6.526901459748458e-10,7.532949565624945e-10,6.903967629279601e-10,5.777573397005374e-10,4.236374359604215e-10,2.26649151485002e-10,-6.146804575436512e-12,-2.63909201563821e-10,-5.3392837763832e-10,-7.974142987055073e-10,-1.0299853729707312e-09,-1.2052518085303118e-09,-1.29885864861077e-09,-1.288835151687276e-09,-1.158788400342348e-09,-9.053245770215759e-10,-5.451876911907264e-10,-1.0680782592985148e-10
5.5,15.0,0.3486735398755642,-0.2154067288851903,-0.0696820750759435,-0.033765756013386,-0.0176429457750863,-0.0077574378787476,-0.0029433872677077,-0.001010392164728,-0.0003253497639367,-9.981056808141208e-05,-2.9000750124375785e-05,-7.838462458861265e-06,-1.923905112240176e-06,-4.069818311483302e-07,-5.645030200191184e-08,1.2559946042426508e-08,1.8786335698723825e-08,1.1236777111028121e-08,-2.420994705011191e-10,-1.351144361588108e-08,-2.7449049729278932e-08,-4.100810620441487e-08,-5.3076685260780886e-08,-6.23287482612051e-08,-6.731476671646864e-08,-6.681380063873527e-08,-6.013157324327297e-08,-4.712712682097042e-08,-2.8231179583943323e-08,-5.277365599207661e-09
7.0,15.0,0.158271139677646,-0.1518108398514457,-0.0063633097823775,-9.624193298807692e-05,-7.447107907171107e-07,-3.538378266969966e-09,-6.416550976020926e-11,-6.973499102494705e-11,-6.365668053869345e-11,-7.202302844864155e-11,-8.295961454446048e-11,-8.703365520451319e-11,-8.441243877302928e-11,-7.467536367043529e-11,-6.82977580886631e-11,-4.8045064866972645e-11,-4.318442391916151e-11,-2.150913927453652e-11,3.115577847936769e-12,2.0754620015766383e-11,4.515070293370359e-11,7.792219002996021e-11,1.044329519510914e-10,1.19219676848953e-10,1.3036168571907562e-10,1.3837146361059462e-10,1.2746670325302112e-10,9.157252882620615e-11,5.830649547799972e-11,1.4351323066822185e-12
7.0,15.0,0.0035943933407284,-0.0006657245412599,-0.0009000154144854,-0.0008310255499488,-0.0005929980300889,-0.0003425074933295,-0.0001640836295272,-6.624119549650113e-05,-2.280274743217188e-05,-6.7572639261104526e-06,-1.7370144582515495e-06,-3.889573987619434e-07,-7.505961247351514e-08,-1.1219479999888471e-08,3.500852872214913e-11,1.5122314130673732e-09,1.284744763801014e-09,7.071653112618153e-10,-1.2216462958527886e-11,-8.21608998114186e-10,-1.670124836754327e-09,-2.496979063009254e-09,-3.2321542683636267e-09,-3.794361396946433e-09,-4.0977562430861694e-09,-4.068760876425291e-09,-3.662132200692613e-09,-2.8681832948439323e-09,-1.719013930238044e-09,-3.200223633081081e-10
4.5,25.0,0.0812583052865734,-0.0441693377936531,-0.0256753562650052,-0.00771803312119,-0.0020075852333992,-0.000813782947583,-0.0004469242364364,-0.000238057157562,-0.0001135229346692,-4.825295999106429e-05,-1.836879519202892e-05,-6.291221003790613e-06,-1.943125672127105e-06,-5.387607413117496e-07,-1.3007454786130953e-07,-2.3435670953753963e-08,9.049350203512415e-11,2.5072036151311303e-09,-3.219587934444953e-10,-4.59134379743706e-09,-9.257652300613274e-09,-1.3834746220647996e-08,-1.7910287172643253e-08,-2.103010143863825e-08,-2.271581768311351e-08,-2.2558806964804724e-08,-2.03108570896104e-08,-1.5919110440728905e-08,-9.555669896759682e-09,-1.8096801195685558e-09
6.0,15.0,0.3160788207343405,-0.244055584014295,-0.0473447248425912,-0.0123922777950928,-0.0067112720731956,-0.0034018325235737,-0.0014379824261849,-0.000516272634422,-0.0001607840492245,-4.417134328225573e-05,-1.0828656071356312e-05,-2.3782341032927787e-06,-4.6035049508653883e-07,-6.908850388908432e-08,1.596017262704257e-09,1.1121685183916556e-08,9.35868830124232e-09,5.158843142189198e-09,-8.184783507663176e-11,-6.0086070246393785e-09,-1.220796748297132e-08,-1.8226663650249886e-08,-2.3586283040278972e-08,-2.7700908276769417e-08,-2.99144811665605e-08,-2.9681181485759248e-08,-2.6708131322958752e-08,-2.0938983567783626e-08,-1.2536039860161868e-08,-2.3466480298317275e-09
4.5,15.0,0.0073439125120519,-0.0022642636260986,-0.0024400064890707,-0.0015951437371397,-0.0007246101256129,-0.0002427399259211,-6.224424914800726e-05,-1.2559538642646428e-05,-2.0386693935050263e-06,-2.709125180555228e-07,-2.9644580790032173e-08,-2.389116555647252e-09,1.9323327032799144e-10,3.828101758892915e-10,3.5798902555670317e-10,3.0153572945270166e-10,2.1876488233254686e-10,1.180837649395492e-10,-1.3662656368512362e-12,-1.3702703636948743e-10,-2.7832124369587567e-10,-4.1461520464776975e-10,-5.364544791921645e-10,-6.308165238464548e-10,-6.814019054057735e-10,-6.75300632935524e-10,-6.074388261572932e-10,-4.770900895053456e-10,-2.84648689567317e-10,-5.280808349172412e-11
4.5,25.0,0.1550535932692029,-0.0391516962698065,-0.0461203798238614,-0.0350935185191442,-0.0200479532474104,-0.0092674449505393,-0.0036332298257018,-0.0012400862882242,-0.0003722128891439,-9.83521929818034e-05,-2.2842261191219565e-05,-4.6476110465967066e-06,-8.124434337636076e-07,-1.0431609609187468e-07,8.456241994866981e-09,2.071945517680184e-08,1.6592172477922517e-08,9.061230018080074e-09,-1.310368699285779e-10,-1.0506458204531632e-08,-2.1356488771744132e-08,-3.188929429867767e-08,-4.1273968798603454e-08,-4.8486597580539246e-08,-5.2370889234062144e-08,-5.1966094508746775e-08,-4.676550881472137e-08,-3.6671241132695214e-08,-2.19477993754894e-08,-4.093123525272216e-09
3.0,25.0,0.2429348829898698,-0.0885459074603255,-0.0812063318841527,-0.0442531002404219,-0.017948362212931,-0.0064844194062157,-0.0024631415672181,-0.0010732955124601,-0.00051584721022,-0.0002500893109358,-0.000115136549668,-4.90620456873556e-05,-1.918850599661021e-05,-6.861873641849997e-06,-2.225753819914252e-06,-6.381753207270568e-07,-1.50057154694111e-07,-2.5540574057923425e-08,-1.3097352587209068e-08,-3.3686790876996984e-08,-6.334242676592779e-08,-9.399592559294909e-08,-1.2159205469784477e-07,-1.427568259671066e-07,-1.5422050259718584e-07,-1.5320929226808294e-07,-1.3798770526587286e-07,-1.0817614929532473e-07,-6.503198173069429e-08,-1.2451310955523832e-08
6.0,8.0,0.2948531272020819,-0.2133400984543833,-0.0593553754622698,-0.0154630805014852,-0.0048738243644479,-0.001419876972759,-0.0003298877687467,-6.072188393951095e-05,-9.022958658747725e-06,-1.1010146897336372e-06,-1.1003626168854617e-07,-6.922787706842322e-09,2.102492742780748e-09,2.652736961753832e-09,2.441068968501285e-09,2.0415902338767914e-09,1.496490514310992e-09,8.018767032566696e-10,-1.9332640231914743e-11,-9.30455958620435e-10,-1.886419412892711e-09,-2.8208442934296673e-09,-3.64747157179198e-09,-4.272867492265112e-09,-4.608942742630434e-09,-4.5764925317783036e-09,-4.1169080476245484e-09,-3.2172487811560823e-09,-1.933666569903208e-09,-3.672861061223301e-10
4.5,20.0,0.1695621479161754,-0.0411922061129881,-0.0490075185939433,-0.0381721707594228,-0.0227379152682049,-0.0111682832525691,-0.0047220893527286,-0.0017561825889523,-0.0005790710385795,-0.0001695324142306,-4.404916248647458e-05,-1.0137610466640508e-05,-2.0401877352848767e-06,-3.289721865540785e-07,-1.1746590642356832e-08,3.4114804404950625e-08,3.054450552749736e-08,1.6974517837121067e-08,-2.834842994464898e-10,-1.978628380603628e-08,-4.0220261460925054e-08,-6.010507107336966e-08,-7.779920153627307e-08,-9.135596718402914e-08,-9.86667657655682e-08,-9.794546654750116e-08,-8.815313381278592e-08,-6.907487563042158e-08,-4.138054418589937e-08,-7.714278275015023e-09
2.0,8.0,0.1921757010160848,-0.179075275099918,-0.0118276876496237,-0.0010157866983417,-0.0002141429483517,-3.753143374345751e-05,-4.782581477503286e-06,-4.582720331516253e-07,-3.4087443843010664e-08,-1.996019148133117e-09,-7.47434648793845e-11,1.7481634217724378e-11,2.3776611868552903e-11,2.7670958599209542e-11,2.8914602394579968e-11,2.54617840856938e-11,1.9603332881794834e-11,9.318795565104136e-12,-2.487714395004692e-12,-1.3393988168307732e-11,-2.384329252914317e-11,-3.3174979896863036e-11,-3.9686432775828487e-11,-4.2155806411830094e-11,-4.186462400775269e-11,-3.936264618743551e-11,-3.367550512698753e-11,-2.5126909803158665e-11,-1.8628352879769644e-11,-1.3171902477543304e-11
5.5,10.0,0.3261278425205049,-0.2525209294432824,-0.0660598803897166,-0.0071201226438706,-0.0004117680612025,-1.4775667384284424e-05,-3.60229341602245e-07,-6.4600855660225625e-09,-1.924403326672006e-10,-1.2255907831706597e-10,-1.4022348448766963e-10,-1.4697775569607098e-10,-1.427816019557444e-10,-1.252181699585309e-10,-1.1948497249867983e-10,-7.500023124904935e-11,-7.928166415268599e-11,-3.646635114005822e-11,1.0803002216559752e-11,3.2886585254455467e-11,7.188008311542344e-11,1.3492749797309991e-10,1.8160374174387983e-10,1.9891160928502447e-10,2.1513632502025487e-10,2.3714797544868456e-10,2.202282841230068e-10,1.4715909467769428e-10,1.0211219536323816e-10,2.222781884125321e-12
5.0,10.0,0.1836592707851106,-0.1559080647854999,-0.0244410387061847,-0.0030679257173404,-0.0002309180995665,-1.0959781205218386e-05,-3.553227073049476e-07,-8.395459920081414e-09,-1.8632744766741212e-10,-4.592877714320677e-11,-5.3715430988284326e-11,-5.710923746011112e-11,-5.4666119878515925e-11,-4.580495967370852e-11,-4.407238042676234e-11,-2.376523301100541e-11,-2.991680560385202e-11,-1.3082091766611212e-11,5.1645313703219535e-12,9.9257494596501e-12,2.3263952652873333e-11,4.937003860088488e-11,6.800271163945954e-11,7.306594033229595e-11,7.959681053442133e-11,9.15721430604168e-11,8.62199115836221e-11,5.455338421105335e-11,3.941707831341843e-11,-2.743477926234201e-12
4.5,20.0,0.2700202823673307,-0.2412465294692941,-0.0275691710521784,-0.0011781084428041,-2.611744423394369e-05,-3.5348402657700097e-07,-3.4924853895994363e-09,-3.53338319595071e-10,-3.470487548399979e-10,-3.7982195981132965e-10,-4.1178094910261904e-10,-4.2510885961265834e-10,-4.1837671210976885e-10,-3.8925568269683565e-10,-3.545654234779535e-10,-2.7828750212751087e-10,-2.204560641286388e-10,-1.1456625522135711e-10,8.555659297937893e-12,1.2505425916296314e-10,2.5880561882839445e-10,4.0738609173629903e-10,5.334255285607471e-10,6.174259345176502e-10,6.681988199482505e-10,6.810637134459644e-10,6.184142129885439e-10,4.663661824506611e-10,2.8803384738615566e-10,3.7754752649434526e-11
7.0,5.0,0.2040598792156708,-0.1429591028231013,-0.0493958785284009,-0.0100015065706999,-0.0015148769772618,-0.0001727805371712,-1.4727866998287804e-05,-9.544949546442442e-07,-4.7997463183629935e-08,-1.6358508898318672e-09,2.62943099591429e-10,3.3177845489521763e-10,3.3218107512969263e-10,3.2326369738398886e-10,2.8638566824903507e-10,2.5703718721782337e-10,1.7006134528317587e-10,9.607023362761136e-11,5.911904723689869e-12,-1.1741366121289876e-10,-2.3554903805141243e-10,-3.330137028223508e-10,-4.2671805153001964e-10,-5.119050274587002e-10,-5.532437710154089e-10,-5.329430024729813e-10,-4.750828635505311e-10,-3.9004566127046284e-10,-2.2277435574253063e-10,-5.0682433526170766e-11
3.5,5.0,0.0755310401696786,-0.0563195771242858,-0.0137441808781709,-0.0044062692380093,-0.0009117748551884,-0.0001332509553112,-1.4639200929340496e-05,-1.255763151940975e-06,-8.608938917787589e-08,-4.615490283568749e-09,8.131143467755365e-12,2.2919131189904643e-10,2.362845504811085e-10,2.2798622113259704e-10,2.0389755747644323e-10,1.7706149374217243e-10,1.2277702257933568e-10,6.77026228863362e-11,1.562018806366969e-12,-8.074672796742183e-11,-1.62860259346662e-10,-2.363071140120389e-10,-3.041770602129125e-10,-3.6103939478734336e-10,-3.8995970347082656e-10,-3.810439669660828e-10,-3.411757868385543e-10,-2.737893195699057e-10,-1.5999394561135888e-10,-3.3226031993412354e-11
8.0,5.0,0.1577578689830933,-0.1213575465699158,-0.0312153695234609,-0.0046549794698116,-0.0004879875098302,-3.9421970330899385e-05,-2.44347991192043e-06,-1.1577314270314837e-07,-4.1748364191222735e-09,-3.5054010971131086e-11,8.506932381834273e-11,8.847367909872348e-11,8.918966871913514e-11,9.023170039571167e-11,7.8218304299858e-11,7.769501627577601e-11,4.463835268431962e-11,2.704885340840716e-11,4.5296688932018595e-12,-3.591642622634389e-11,-7.049871122836875e-11,-9.186148471472768e-11,-1.1550041027498912e-10,-1.4266358583824875e-10,-1.5393249040730648e-10,-1.4123602242104503e-10,-1.2374631790208724e-10,-1.0932003283670263e-10,-5.846394265472944e-11,-1.87274131205772e-11
4.0,8.0,0.2274069358165696,-0.202574146690753,-0.0189809998539808,-0.0034669920165674,-0.0015619980289115,-0.0005943450478334,-0.00017680522116,-4.2009966601739226e-05,-8.130761996235238e-06,-1.302329956709844e-06,-1.74074503336428e-07,-1.8545963212481832e-08,-4.188611472095666e-10,1.3249948491033864e-09,1.3418991312720143e-09,1.1320593571387508e-09,8.302768797500963e-10,4.4454714619996334e-10,-1.14470483562467e-11,-5.170020593208306e-10,-1.0466599791922686e-09,-1.563470596609702e-09,-2.020055378577934e-09,-2.364761736422256e-09,-2.54914349895774e-09,-2.5297587343802904e-09,-2.274856288930144e-09,-1.7778194541258092e-09,-1.0700265350267366e-09,-2.0833000399713878e-10
6.0,5.0,0.2043738833519443,-0.1771350072376357,-0.0221365607511493,-0.0041429662919792,-0.0008278356022809,-0.0001183297731173,-1.2180964951370732e-05,-9.424421121001056e-07,-5.6596565469546564e-08,-2.5429193171677903e-09,8.736701064030234e-11,1.9401409779036158e-10,1.9803669387823068e-10,1.9586924890913487e-10,1.73900147917508e-10,1.6006945726195012e-10,1.0291901880227563e-10,5.863682342163654e-11,4.349770353389779e-12,-7.382965291797184e-11,-1.4642856778987002e-10,-2.0254594856890223e-10,-2.574806659430272e-10,-3.0964485981488977e-10,-3.3349347570653847e-10,-3.1704213123377685e-10,-2.809807586337469e-10,-2.343435900055897e-10,-1.3282279445385426e-10,-3.5751479620792025e-11
8.0,10.0,0.0677342045428184,-0.0380648067376474,-0.0223128660080955,-0.0062258583214781,-0.0010145254092118,-0.0001076908171812,-8.00014739634591e-06,-4.378024182251082e-07,-1.8268936511794164e-08,-5.153222224328292e-10,7.890254601868639e-11,9.665549848704563e-11,9.645935156331544e-11,9.411348411199836e-11,8.227330630237466e-11,7.57714046660704e-11,4.8078246385620834e-11,2.7884340460916608e-11,2.8670892444910426e-12,-3.445703533466508e-11,-6.917773207782389e-11,-9.595910702181039e-11,-1.2284807646869648e-10,-1.4916387343814908e-10,-1.6167270941468007e-10,-1.5416613716297124e-10,-1.3713113747486092e-10,-1.1481058573610114e-10,-6.399666669304053e-11,-1.4610656793306105e-11
3.0,8.0,0.2523754853282132,-0.2224811904942196,-0.0242603146821071,-0.0034773509991832,-0.0014175725358969,-0.0005348704291506,-0.0001583227508984,-3.737479255482772e-05,-7.173764729003074e-06,-1.137352846424132e-06,-1.5015708162027692e-07,-1.5725354294820876e-08,-2.7694533004913126e-10,1.183554527642959e-09,1.189844119260246e-09,1.0032753389826071e-09,7.360579303083043e-10,3.9379427629936437e-10,-1.071595514074322e-11,-4.5858190283616127e-10,-9.27594785328883e-10,-1.3850729361598375e-09,-1.788792470538745e-09,-2.0929408609179117e-09,-2.2552453771527634e-09,-2.237608083146534e-09,-2.011732900022781e-09,-1.571835092319225e-09,-9.469456129602379e-10,-1.8668562914655847e-10
4.5,15.0,0.0338760929612348,-0.0177037981654419,-0.0106280817851325,-0.0036993940268684,-0.0012004540287812,-0.000433597702655,-0.000150798191296,-4.533612229014211e-05,-1.1551638010029036e-05,-2.5121713228430686e-06,-4.7066011865137147e-07,-7.587240864774297e-08,-9.726521404736816e-09,-8.768251277648004e-11,1.0371342757567355e-09,9.892995281306831e-10,7.290133972610223e-10,3.939250639325513e-10,-4.931713799762442e-12,-4.5670139020474015e-10,-9.277221914945444e-10,-1.3828996252763732e-09,-1.789287287494188e-09,-2.10315346376988e-09,-2.2715471236037543e-09,-2.251953331625972e-09,-2.025883602919878e-09,-1.5903926182649343e-09,-9.501526107105758e-10,-1.7743791232787482e-10
7.0,15.0,0.1735856558329449,-0.1201829720742579,-0.0397474235552655,-0.0098263907170985,-0.0026630099959174,-0.0007873674315417,-0.0002526495152149,-8.533027302831245e-05,-2.84299276217872e-05,-8.817328551707864e-06,-2.462850556334984e-06,-6.105478322473565e-07,-1.3252866115802257e-07,-2.3637961987166284e-08,-1.890000356536631e-09,1.6374465070001143e-09,1.6225957084635491e-09,9.206256094608339e-10,-1.0942520417181132e-11,-1.083931240645908e-09,-2.2008124155293163e-09,-3.2753620783315952e-09,-4.236385977921969e-09,-4.981907256496676e-09,-5.380428261702741e-09,-5.329598917307761e-09,-4.793613156094137e-09,-3.768642618609294e-09,-2.250725731305885e-09,-4.275164850550271e-10
5.0,20.0,0.1207634728851603,-0.0544354535447672,-0.0429112157105925,-0.0178500488582069,-0.0046338139219359,-0.0008181484785871,-0.0001040604099745,-9.948722291291438e-06,-7.392810712919243e-07,-4.4223339611457054e-08,-2.591248983721864e-09,-5.744712408292207e-10,-4.884633272984927e-10,-4.5838261119928447e-10,-4.2123604145250555e-10,-3.3567437331213743e-10,-2.6300509063502526e-10,-1.3616833992740862e-10,1.1143080807062062e-11,1.5294670884221308e-10,3.1201960473521935e-10,4.83989092401176e-10,6.289546194741815e-10,7.252505197754181e-10,7.80919950410787e-10,7.90209619673547e-10,7.145458733827999e-10,5.410499248769477e-10,3.3620594190415496e-10,5.709913076155393e-11
8.0,25.0,0.0054622415805767,-0.0007976384471697,-0.0011348220854104,-0.0011417701160025,-0.0009263089327785,-0.0006412342214971,-0.0003926918450748,-0.0002185303053223,-0.0001126518014879,-5.441107919116094e-05,-2.4734260636451343e-05,-1.0578906508586487e-05,-4.244676950236117e-06,-1.5899053318217054e-06,-5.508449481049025e-07,-1.7290254657461597e-07,-4.698109940639555e-08,-1.0784730509874438e-08,-4.675230927386308e-09,-8.196511774599621e-09,-1.459569264981812e-08,-2.1497299667319323e-08,-2.7773521773488826e-08,-3.259347311252533e-08,-3.5208735252838275e-08,-3.498681595447133e-08,-3.1513923655263343e-08,-2.469706259502504e-08,-1.4856835476581636e-08,-2.8474552194988847e-09
5.0,20.0,0.0264561337790478,-0.0050022796557978,-0.0067181135116706,-0.0061399532370535,-0.0043219039460154,-0.0024546445072674,-0.0011529864286274,-0.0004551901421873,-0.000152877101993,-4.4107826272588446e-05,-1.1018982476466314e-05,-2.3938581930092178e-06,-4.470865043577023e-07,-6.381579708242639e-08,1.4386568133160359e-09,9.534091939039058e-09,7.937292862337346e-09,4.355405301104114e-09,-7.226956590682233e-11,-5.0549341011668815e-09,-1.02757226002335e-08,-1.535944294937667e-08,-1.9881361684940547e-08,-2.334282662327135e-08,-2.5210148716024988e-08,-2.50286889144168e-08,-2.2526830172740408e-08,-1.764744059137865e-08,-1.0574203211965993e-08,-1.9697505975097582e-09
4.5,20.0,0.3065686605230905,-0.2620681489138541,-0.0418595344592129,-0.0025575317337456,-8.182030080363212e-05,-1.6047795988936756e-06,-2.1620556991524496e-08,-6.73946107284749e-10,-5.015711248397531e-10,-5.458221328030582e-10,-5.876134527040402e-10,-6.054755051455933e-10,-5.97059529766373e-10,-5.583669154534743e-10,-5.085265613348692e-10,-4.0362906760743377e-10,-3.155548389190953e-10,-1.6470469681197218e-10,1.1105408056899342e-11,1.820250689376246e-10,3.7497213618776167e-10,5.847136916315973e-10,7.636225568091684e-10,8.852240138125723e-10,9.5710963465733e-10,9.710293421037179e-10,8.801408859461698e-10,6.675895787234181e-10,4.1079401054742576e-10,5.884202473006578e-11
7.0,8.0,0.2453555830578804,-0.1793625825795129,-0.0502714157618687,-0.0120196345523103,-0.0029018647532638,-0.0006523043767737,-0.0001251882427856,-1.9749338120209003e-05,-2.543435424559198e-06,-2.685535695359931e-07,-2.26708099219903e-08,-6.314754600071032e-10,1.0184276835693323e-09,1.0756443553460544e-09,9.81244842772328e-10,8.203471189314182e-10,6.02213825090111e-10,3.2191955256190597e-10,-9.202648132436077e-12,-3.7485058852370966e-10,-7.582269394662016e-10,-1.1329174053584802e-09,-1.4632775242709406e-09,-1.7115519934119702e-09,-1.8442007747576127e-09,-1.8304039759167678e-09,-1.645739489813028e-09,-1.2849812865503986e-09,-7.744185340449693e-10,-1.5194162575403026e-10
2.0,15.0,0.1925612570827783,-0.1758668382912327,-0.0117896091301896,-0.0021829764824675,-0.0013871702138354,-0.0007754296061042,-0.0003581012284224,-0.0001386890526602,-4.560320770798649e-05,-1.285876017937264e-05,-3.1342455631680867e-06,-6.630015936030589e-07,-1.1988479920138148e-07,-1.5909565160758478e-08,1.217019575959754e-09,3.163306578635338e-09,2.543528408863493e-09,1.39086192602891e-09,-2.0171909477143145e-11,-1.617241736014481e-09,-3.2838894594590516e-09,-4.8968182898034595e-09,-6.334303200128385e-09,-7.440566165352794e-09,-8.033712479915529e-09,-7.965815690193156e-09,-7.166067308455096e-09,-5.622610671590421e-09,-3.3649627899430703e-09,-6.36742734119438e-10
4.5,10.0,0.0726203839254227,-0.0415605411518102,-0.0143844427628018,-0.0095860616119799,-0.004644375247795,-0.0017418204788881,-0.000530881892247,-0.0001358114767606,-2.9726503560465457e-05,-5.620848201044815e-06,-9.200776994062348e-07,-1.2764656387140837e-07,-1.1670400412732333e-08,2.9269211786468313e-09,4.122694240484158e-09,3.594493653964175e-09,2.624144438640158e-09,1.4150222006344711e-09,-1.949272841322585e-11,-1.640262881813593e-09,-3.3318912224738923e-09,-4.9693952082713875e-09,-6.430062713924796e-09,-7.555894915092813e-09,-8.160595651033845e-09,-8.09244370791578e-09,-7.280261627764326e-09,-5.711851668702981e-09,-3.4132955383952905e-09,-6.343640447782921e-10
4.5,8.0,0.2513675579075839,-0.2204216905975791,-0.0250408361161178,-0.0038877648527243,-0.0014098716158311,-0.0004589052717963,-0.0001186058459133,-2.486184717944508e-05,-4.306714900523658e-06,-6.242128177113961e-07,-7.580846224565985e-08,-7.0449043635539264e-09,2.809940068056096e-10,9.105305904849261e-10,8.752161021851127e-10,7.35527214562511e-10,5.398698171526408e-10,2.8839090089884827e-10,-8.67438401579637e-12,-3.3671410577985756e-10,-6.799862446159637e-10,-1.014638036108941e-09,-1.309343567970786e-09,-1.5304605727940012e-09,-1.6479399571054223e-09,-1.634411571137079e-09,-1.468859874467549e-09,-1.1471295474847903e-09,-6.922686943793562e-10,-1.3949764035167306e-10
3.0,5.0,0.1939954574932065,-0.163373523598769,-0.0279731175859669,-0.0025076475816118,-0.0001362255593262,-4.823055910194059e-06,-1.179426046357641e-07,-2.089578892034079e-09,-6.824997638805416e-12,1.9607619299646984e-11,1.3127482940517082e-11,1.124199813510538e-11,1.3198807782548212e-11,1.915290525355295e-11,1.443531206055176e-11,2.5803634650893107e-11,5.668449469267281e-12,6.188310530254127e-12,5.0398032528832736e-12,-1.2674031451684254e-11,-2.2482536113381947e-11,-1.82955325632938e-11,-1.9370707425098296e-11,-2.9818046138196435e-11,-3.1464566894846875e-11,-1.8076203897374942e-11,-1.2257854207767667e-11,-2.316080704722484e-11,-6.767302031274073e-12,-1.1698147898683811e-11
6.0,15.0,0.3080840499752046,-0.2564078221638533,-0.0427587739825826,-0.0052536822471074,-0.0019999670356365,-0.0010137899667981,-0.0004340551022477,-0.000154573779805,-4.634569963196228e-05,-1.182802254220269e-05,-2.591930706951373e-06,-4.891594101041538e-07,-7.723236578900935e-08,-7.318811680478349e-09,2.6823145032469637e-09,3.387511706905147e-09,2.567356654336438e-09,1.3941343658779787e-09,-1.6030900944792733e-11,-1.621110507250169e-09,-3.289837650144048e-09,-4.895292301902637e-09,-6.329899163622581e-09,-7.441098760203527e-09,-8.034223908013246e-09,-7.957436507050171e-09,-7.1559538728339724e-09,-5.623969752829663e-09,-3.359717016974662e-09,-6.403189576863338e-10
5.0,10.0,0.2779204819525152,-0.2367156402606565,-0.0333180249140644,-0.0054563738372095,-0.0017822220838973,-0.000513266785275,-0.0001127528716857,-1.925894566250512e-05,-2.6200598583018817e-06,-2.892164531622238e-07,-2.5737816818137483e-08,-1.2122048948728431e-09,6.914939918525093e-10,7.882685659904455e-10,7.134020209630801e-10,6.179892949679957e-10,4.3106256217366975e-10,2.366934382986954e-10,3.827211224983533e-12,-2.8222866804752127e-10,-5.686181357307725e-10,-8.266655483853103e-10,-1.0635542910633715e-09,-1.2595777387478522e-09,-1.3592722017651011e-09,-1.3294657119355851e-09,-1.19034831309041e-09,-9.527823961303207e-10,-5.59360986069247e-10,-1.1843457227566e-10
8.0,5.0,0.1104646293862661,-0.1069365920551201,-0.0032983733161846,-0.000200545662532,-2.64173830190488e-05,-2.52373433061915e-06,-1.6863277132585708e-07,-8.283071975468965e-09,-3.05545502244955e-10,-5.774775198724929e-12,-1.8136999659008505e-12,-3.1227987346638465e-12,-1.622321388068601e-12,2.383285356709241e-12,1.4563002836925304e-12,8.05010494390287e-12,-3.3687736910490306e-13,1.1264589404108545e-12,2.103935768817612e-12,-4.3967949630479966e-12,-6.82718554021139e-12,-2.407822881970663e-12,-4.862355145932433e-13,-3.2923002964874282e-12,-2.623280277621384e-12,4.135526859647264e-12,5.96881353153036e-12,-1.7336663727467022e-12,1.8311967609263097e-12,-6.2935965659678576e-12
4.5,10.0,0.0725008355242233,-0.0292769976424851,-0.024663846052699,-0.0122316005091834,-0.0044799773386195,-0.0013678600978019,-0.0003682539285484,-8.875750796339172e-05,-1.912523572940233e-05,-3.666259837452604e-06,-6.21141369987645e-07,-9.064680362959421e-08,-9.07469378421426e-09,1.8552415043207558e-09,2.859793770588997e-09,2.520250816011012e-09,1.8381491000161667e-09,9.926342026161583e-10,-1.158185549084071e-11,-1.1516478444693122e-09,-2.339250882510154e-09,-3.48506304818747e-09,-4.50907673987595e-09,-5.3018166075299835e-09,-5.72686190404053e-09,-5.675784051433482e-09,-5.1054600158893085e-09,-4.009770732510441e-09,-2.393061630910878e-09,-4.45030538265042e-10
4.0,8.0,0.2233352787678359,-0.1893410060813494,-0.0270554007706446,-0.0057459558015527,-0.0010499766427933,-0.0001306615046434,-1.149011425577695e-05,-7.483189981110182e-07,-3.7326428020190165e-08,-1.3297340484138607e-09,1.0693177630532134e-10,1.5450254021047448e-10,1.5723706311060608e-10,1.5489472475199308e-10,1.4418979757264587e-10,1.2151471777180894e-10,9.027784281840675e-11,4.710118330737472e-11,-3.5487487738210805e-12,-5.7191813237015665e-11,-1.1264514642657007e-10,-1.6623184666415882e-10,-2.1177759508165718e-10,-2.4354923948315323e-10,-2.5906098039383507e-10,-2.5525779820236404e-10,-2.2793699903785806e-10,-1.7663441914453434e-10,-1.0985172153937388e-10,-3.036283103254603e-11
8.0,25.0,0.0833928834117952,-0.0216245829751673,-0.0248319168490228,-0.0182563260750836,-0.0101308213678067,-0.0047328921573581,-0.0020734412098102,-0.0009306450207266,-0.0004382136727384,-0.0002087572373736,-9.619851710344088e-05,-4.1760378369402114e-05,-1.6891844736820734e-05,-6.336776508901393e-06,-2.190243605736696e-06,-6.849552030617586e-07,-1.855672336263843e-07,-4.2552356095215024e-08,-1.842536997972442e-08,-3.2240505496189176e-08,-5.7366582113542245e-08,-8.445891394187454e-08,-1.0910990023977873e-07,-1.280581148840739e-07,-1.3833621431555017e-07,-1.3744989596580409e-07,-1.2380356311047453e-07,-9.704273763726425e-08,-5.8365185345479225e-08,-1.1191207803074568e-08
8.0,15.0,0.0097178745205454,-0.0019136432463629,-0.0025355210371979,-0.0022694196226406,-0.0015536388705944,-0.0008527387659224,-0.0003848428850229,-0.0001452176726639,-4.640002065518852e-05,-1.2683582501035124e-05,-2.9905664692631863e-06,-6.103932768531617e-07,-1.0575871235196145e-07,-1.2732180801611734e-08,1.934780998284238e-09,3.387951754482313e-09,2.6672876090126686e-09,1.4507160477722032e-09,-2.423972248780709e-11,-1.6803658713499402e-09,-3.415496854885968e-09,-5.1053800804179065e-09,-6.6082938720960635e-09,-7.758343763666124e-09,-8.378692374979316e-09,-8.318454270701115e-09,-7.486702005197143e-09,-5.864205319915697e-09,-3.5134223423895314e-09,-6.53213147701974e-10
4.0,5.0,0.0128745045878952,-0.0074739666773278,-0.0039903788978966,-0.0011296313008448,-0.0002337356632143,-4.029448822962604e-05,-5.766029436618494e-06,-6.649967132764463e-07,-6.13448641926653e-08,-4.514641234104287e-09,-2.0797370841607526e-10,6.024784023958443e-11,7.339980326754026e-11,7.092639674450362e-11,6.354860655254886e-11,5.4478320173874736e-11,3.840670816384751e-11,2.103222684339609e-11,2.5315749967083253e-13,-2.4776851333328363e-11,-5.016886742173255e-11,-7.356941947495056e-11,-9.495346864511555e-11,-1.1239052697235852e-10,-1.2146913784628467e-10,-1.1938208881759382e-10,-1.0711813953994222e-10,-8.52709244392125e-11,-5.0152863354556857e-11,-9.779922563023926e-12
7.0,20.0,0.3799010085600559,-0.2582398218350046,-0.0973420028908582,-0.019235054975576,-0.0034987784146168,-0.0009246480485603,-0.0003663312353942,-0.0001692131126161,-7.603425182413717e-05,-3.138379159769097e-05,-1.1808956156386508e-05,-4.063741216960154e-06,-1.2819002585843664e-06,-3.6894129440906e-07,-9.432922683443897e-08,-1.903381465952392e-08,-1.1944546461120104e-09,1.2814287978919555e-09,-2.756724295315835e-10,-2.990232844685325e-09,-5.9936102908039614e-09,-8.921758361720567e-09,-1.154269040664986e-08,-1.3571567496214893e-08,-1.4660538391386138e-08,-1.4532972570651504e-08,-1.3077936150285e-08,-1.0280354049462226e-08,-6.154205993132164e-09,-1.1827936298284901e-09
4.5,15.0,0.1672329925533882,-0.1551100233976917,-0.0093487633694593,-0.0016727732081553,-0.0006845080534617,-0.0002660742324709,-9.955580885572898e-05,-3.5321164092909734e-05,-1.1473363890768992e-05,-3.352542381460397e-06,-8.781438490338801e-07,-2.0602292077008685e-07,-4.277092051496383e-08,-7.2322828752397114e-09,-3.6935145425391404e-10,6.966999432294688e-10,6.351020166720688e-10,3.5714800089844867e-10,-3.2258600464293575e-12,-4.217818225066865e-10,-8.542668033800644e-10,-1.2657496670868691e-09,-1.6347035302838096e-09,-1.923183403045192e-09,-2.075471715977749e-09,-2.050979766178665e-09,-1.842873876040939e-09,-1.4526447660280723e-09,-8.66457701776838e-10,-1.70939770627455e-10
5.5,8.0,0.308609465876579,-0.2465090479064988,-0.0512769589872796,-0.0079869435502376,-0.0021096338181108,-0.0005781827306665,-0.0001246349608215,-2.092900758311795e-05,-2.7971626278268923e-06,-3.029965127953939e-07,-2.6298319562136672e-08,-1.030831654880298e-09,8.910248126840874e-10,9.73797185143282e-10,8.91583506884281e-10,7.461800694267346e-10,5.480981988095401e-10,2.9247181985680197e-10,-9.363082564015531e-12,-3.4179329575883917e-10,-6.89803850307054e-10,-1.0294002933749395e-09,-1.328045658348273e-09,-1.5514179528597387e-09,-1.669971147424865e-09,-1.6563429760982663e-09,-1.4884070661061031e-09,-1.161713636834041e-09,-7.017526025189943e-10,-1.4233671476242046e-10
3.5,15.0,0.0126918160333387,-0.0038284790227237,-0.004180442887531,-0.0027874463472195,-0.0012986541851149,-0.0004482165845543,-0.0001188493498577,-2.487131396459962e-05,-4.1968673975477176e-06,-5.809403422780911e-07,-6.641983075635955e-08,-5.743167734277797e-09,2.665801142092696e-10,7.372990937677924e-10,6.976962416935134e-10,5.879514313124924e-10,4.2686486082378886e-10,2.303395930663699e-10,-2.7786804692961703e-12,-2.6718086549391676e-10,-5.42720188910217e-10,-8.08763754292461e-10,-1.046469842181818e-09,-1.2303486835773023e-09,-1.32898156434907e-09,-1.3173118599918528e-09,-1.184993120916704e-09,-9.304457479723571e-10,-5.55346757342351e-10,-1.0300794196180234e-10
8.0,5.0,0.012143445063758,-0.0089493615819526,-0.0024305842611218,-0.0006216450211942,-0.0001195228507537,-1.9427523599318124e-05,-2.601177381698146e-06,-2.7734838632211885e-07,-2.345716831590313e-08,-1.56713850320648e-09,-5.4504486095324175e-11,3.135634257759443e-11,3.5134489064390756e-11,3.4036302881853035e-11,3.0423710975756965e-11,2.6484806282955544e-11,1.8301815155788232e-11,1.0109796976382315e-11,2.618518009642758e-13,-1.2079406742753249e-11,-2.435313172591515e-11,-3.526747613164142e-11,-4.538101396328284e-11,-5.390571100171229e-11,-5.822570342348559e-11,-5.6834628188218094e-11,-5.0871651422374646e-11,-4.0892566693437516e-11,-2.3857795500296004e-11,-4.992563467552483e-12
8.0,8.0,0.219615604697167,-0.2042211940471052,-0.0149858182586623,-0.0004029687161917,-5.576557007828312e-06,-4.6917988396944434e-08,-2.85795355989195e-10,-3.7861650955266146e-11,-2.2065188230309748e-11,-2.7992991968771483e-11,-3.920371185356222e-11,-4.2999865781019055e-11,-3.960085606028131e-11,-3.2136871972451443e-11,-2.4581802806987528e-11,-1.9023249427379838e-11,-1.2839500259566124e-11,-8.269996704665277e-12,-2.455205261743465e-12,6.566984593941757e-12,1.7189461857411986e-11,2.859688362336384e-11,4.072681550545346e-11,5.277933217499777e-11,6.114396082757305e-11,6.328455637079709e-11,5.895092215546263e-11,4.7460777409668565e-11,2.4395280303625035e-11,-6.629360178212439e-12
3.0,25.0,0.3115699670175529,-0.2643407595354607,-0.0442824140018752,-0.0028486660065887,-9.611142607898222e-05,-1.989819671685378e-06,-2.8461433356207548e-08,-1.0681111128160875e-09,-8.536731511341824e-10,-9.263803162096148e-10,-9.88557785937241e-10,-1.0157557026979086e-09,-1.0041560242068167e-09,-9.45914822316814e-10,-8.589340618222558e-10,-6.954703238745233e-10,-5.300923717258261e-10,-2.7950669527109005e-10,1.3885351376175875e-11,3.1459592544399816e-10,6.446080608816954e-10,9.891538343832e-10,1.2873283075304635e-09,1.4988511612019934e-09,1.6195158218392715e-09,1.629766911622432e-09,1.4731076664785032e-09,1.1304619444450672e-09,6.889906625914392e-10,1.0982893143831651e-10
6.0,5.0,0.0499578819378802,-0.04686372241865,-0.0030183637550378,-7.483410077178841e-05,-9.5423706492745e-07,-7.391925875512234e-09,-3.913852527399639e-11,-3.8796240568849295e-12,7.914070910539729e-14,-8.370408911149539e-13,-3.150639559279636e-12,-3.87460931276524e-12,-3.2087232108991518e-12,-1.3042106230966353e-12,-1.5809634493900376e-12,1.852205007033051e-12,-1.5730445419862879e-12,-2.096174856593758e-13,1.04030218163188e-12,-1.153786970673151e-12,-1.4198687354146558e-12,1.4803442228928177e-12,3.0837569748490808e-12,2.265958912304431e-12,2.8167675606346364e-12,5.906741245858814e-12,6.3311869205187765e-12,1.94120873332422e-12,2.5683887812918623e-12,-2.450544640885153e-12
6.0,10.0,0.2054832157267125,-0.151718640029357,-0.0426671920925408,-0.0091041967906119,-0.0015968085268615,-0.0003067928121987,-7.043728933927575e-05,-1.564032113902642e-05,-2.965609288365315e-06,-4.690155549431762e-07,-6.186508559088053e-08,-6.463237440621506e-09,-9.919304223447336e-11,5.06092823240908e-10,4.993480444187153e-10,4.3836994777574007e-10,3.0289066064339377e-10,1.6742040756890612e-10,4.513498448436508e-12,-1.99960002066142e-10,-4.0316370987277586e-10,-5.83611748935004e-10,-7.509237393611674e-10,-8.92148512718239e-10,-9.636663076236635e-10,-9.40442743826385e-10,-8.417612485335132e-10,-6.769958380621353e-10,-3.950018431458919e-10,-8.315337803686054e-11
4.0,15.0,0.1867455542553338,-0.0736595038773317,-0.0613743147339032,-0.0308737640326712,-0.0127179451013973,-0.0050916378764692,-0.0019894095032273,-0.0007172613458669,-0.000232047979296,-6.708396491979013e-05,-1.7353473812697683e-05,-4.010161452733189e-06,-8.148794732706828e-07,-1.3198686106947425e-07,-3.370756775919912e-09,1.5394398312042246e-08,1.3618780718852238e-08,7.56270992813269e-09,-1.245821113780116e-10,-8.820492633724712e-09,-1.7927000724865424e-08,-2.6781627730706724e-08,-3.4663656605486244e-08,-4.0707897298746456e-08,-4.3965025543186164e-08,-4.363636832616408e-08,-3.9271046833195734e-08,-3.0777686898929205e-08,-1.8431397659006217e-08,-3.4356156610789805e-09
3.0,10.0,0.0037412309420564,-0.0011021676055716,-0.0012202506103539,-0.000830691992683,-0.0003974610445953,-0.0001415711896175,-3.889477914478949e-05,-8.460349163624106e-06,-1.4877248437494075e-06,-2.150360764281771e-07,-2.5709950533134853e-08,-2.334044413821289e-09,9.292992029600118e-11,2.9323967837690076e-10,2.7913548925835793e-10,2.3518774295987056e-10,1.7094813666141196e-10,9.218872741409451e-11,-1.198380780323101e-12,-1.0687747564377839e-10,-2.1711858863829207e-10,-3.2373185340280447e-10,-4.1890182101079125e-10,-4.923715295935699e-10,-5.318211227477423e-10,-5.272983634412741e-10,-4.74360486222428e-10,-3.7227330900064496e-10,-2.2231240049259872e-10,-4.117651591649224e-11
5.0,8.0,0.0761846864193514,-0.0658178329354512,-0.0059937880428154,-0.0029267881025657,-0.0010892446558152,-0.0002896150839312,-5.744844008672065e-05,-8.788942710892357e-06,-1.0645959424780271e-06,-1.0399394248713869e-07,-7.95319037167158e-09,-6.638474052919229e-11,4.694998211308664e-10,4.786990263496404e-10,4.35356038611121e-10,3.6403920212637966e-10,2.6693184110995376e-10,1.4284568604846012e-10,-3.803936968770833e-12,-1.6621298444771174e-10,-3.3643122289792207e-10,-5.026343678775419e-10,-6.493989626425734e-10,-7.600750344615216e-10,-8.192784059184219e-10,-8.13114177219544e-10,-7.31161180532315e-10,-5.71217310234527e-10,-3.438288594125858e-10,-6.680936682711627e-11
5.0,20.0,0.0103691733226797,-0.0026346122130019,-0.0031500276286688,-0.0024093319551491,-0.0013412854963112,-0.0005728431241214,-0.0001935836084536,-5.292114645693673e-05,-1.1910681142179978e-05,-2.239040805733142e-06,-3.552491117803069e-07,-4.720720994462888e-08,-4.364706420310541e-09,7.03762932588496e-10,1.1111487788263283e-09,9.7234940061603e-10,7.099176854302483e-10,3.8289293776795287e-10,-5.091872287310397e-12,-4.4348241006832567e-10,-9.011204982043051e-10,-1.34421878249272e-09,-1.739543667392705e-09,-2.04432880073911e-09,-2.208148867254812e-09,-2.1899266935798942e-09,-1.9703211588821234e-09,-1.545944840247736e-09,-9.238718775893583e-10,-1.7154245885628764e-10
6.0,8.0,0.1287604538310073,-0.0581254507985135,-0.0443028116073236,-0.0189663155552315,-0.0057143360957397,-0.0013476471202489,-0.0002579244110366,-4.024519276777319e-05,-5.125691492778148e-06,-5.347804337921055e-07,-4.436775485037848e-08,-1.005764196403835e-09,2.1799521669021503e-09,2.269079138107333e-09,2.0614147244180822e-09,1.7215079747430752e-09,1.261493914491868e-09,6.766303797167131e-10,-1.5006488021455967e-11,-7.834168641750941e-10,-1.5905303579713522e-09,-2.380400307026893e-09,-3.0801862495827436e-09,-3.611004072465923e-09,-3.897419219671561e-09,-3.871748765119168e-09,-3.484138587748961e-09,-2.7231222390787438e-09,-1.634369439872167e-09,-3.03465688875379e-10
8.0,15.0,0.0540792274146152,-0.0131352813386262,-0.0159176996355512,-0.0125111767382035,-0.0073096737873821,-0.0033734558256216,-0.0012778974427437,-0.0004082602026405,-0.000112095774981,-2.677345857862734e-05,-5.598053707552092e-06,-1.0219974341974075e-06,-1.5547631857812682e-07,-1.1568341420400364e-08,8.493201334120431e-09,9.391058363527138e-09,7.076854317121192e-09,3.826560167977122e-09,-6.055800327753609e-11,-4.429649629276171e-09,-9.002121016260318e-09,-1.3447989625901122e-08,-1.7405402300001595e-08,-2.04398857776924e-08,-2.2074845835093893e-08,-2.190917398742769e-08,-1.9716219087004696e-08,-1.5449982551256914e-08,-9.248966797562654e-09,-1.717060333203856e-09
3.5,5.0,0.085056311617666,-0.059743909860846,-0.0202563481224235,-0.0040969310055348,-0.0007949807563917,-0.0001416650023024,-2.007918966797104e-05,-2.19513846721562e-06,-1.8782425839426245e-07,-1.2665183108646797e-08,-4.757850015864944e-10,2.1948296988596612e-10,2.504007739438261e-10,2.4263216798833616e-10,2.167581604944221e-10,1.8871946817624903e-10,1.3033175635180362e-10,7.204505004974159e-11,1.951498619711321e-12,-8.602516297119963e-11,-1.7351229960286615e-10,-2.512805523439557e-10,-3.234158016127461e-10,-3.843169765254915e-10,-4.152118815596696e-10,-4.053089746590795e-10,-3.6282371652529437e-10,-2.9172779719135673e-10,-1.7008497410864227e-10,-3.537056165284083e-11
3.0,8.0,0.2405296743051692,-0.1903594587226039,-0.0412284496779023,-0.0072090394404316,-0.0014105732936913,-0.00027371736633,-4.2743820875350015e-05,-5.16127501006169e-06,-4.893167506390522e-07,-3.694108156680502e-08,-1.949233723041769e-09,2.652407203551537e-10,3.8060170486618224e-10,3.7247348130320046e-10,3.4102585853884007e-10,2.8572483556624246e-10,2.1068475759256119e-10,1.1168316931655548e-10,-4.9767326232897906e-12,-1.3187948320985818e-10,-2.643736396154037e-10,-3.934807531150067e-10,-5.05940553607373e-10,-5.884495974778191e-10,-6.314061718035408e-10,-6.253018171432089e-10,-5.610057928723406e-10,-4.368766547713085e-10,-2.6601850404441907e-10,-5.905793736684029e-11
3.5,10.0,0.0561283138502017,-0.0351459569865476,-0.0131876799787899,-0.0058057855655621,-0.001626661444003,-0.0003133317001056,-4.384384849116901e-05,-4.642109876159301e-06,-3.836286648559578e-07,-2.506922856430902e-08,-9.809487006267564e-10,3.46227125659736e-10,4.0300420634341837e-10,3.8815409099771115e-10,3.4819230633507664e-10,2.97365814920387e-10,2.1080330394540283e-10,1.1510538073006375e-10,8.42065112929464e-13,-1.3523247023213456e-10,-2.7395202206778845e-10,-4.02918320295176e-10,-5.20241340478205e-10,-6.1495354856837e-10,-6.64519453944962e-10,-6.54121250454508e-10,-5.871830341347785e-10,-4.662071495261851e-10,-2.7499346981165537e-10,-5.3223293545039386e-11
5.5,20.0,0.3196549355060264,-0.1749856084931576,-0.0941122965383597,-0.0322805727461943,-0.011725764679875,-0.0044934056084877,-0.0015137711924604,-0.0004227565075522,-9.797865028237568e-05,-1.9064885354634687e-05,-3.1460881129470624e-06,-4.385759335504176e-07,-4.543657362696368e-08,3.4192216213619805e-09,7.877895264271852e-09,7.058276382491338e-09,5.140225012770166e-09,2.7797741499753875e-09,-2.574241041594057e-11,-3.2266591197493476e-09,-6.553436247289211e-09,-9.750939240192433e-09,-1.261375662431185e-08,-1.4839839517000712e-08,-1.6030629900292345e-08,-1.58770804683389e-08,-1.4279614934392741e-08,-1.1229193620473314e-08,-6.696149301856725e-09,-1.2556603513173748e-09
6.0,8.0,0.0759575772174245,-0.0442393663162041,-0.0173612322965574,-0.0095721897387419,-0.0035809624522672,-0.0009688967299499,-0.0001985212584383,-3.183359035306574e-05,-4.095182090506695e-06,-4.298892363885977e-07,-3.608974566319757e-08,-1.0254048082540822e-09,1.579555907195992e-09,1.664153586965678e-09,1.512839240742861e-09,1.2637471168701346e-09,9.257572444292098e-10,4.966353191406517e-10,-1.0872923772140528e-11,-5.750999367858421e-10,-1.167548855267897e-09,-1.7470305294865715e-09,-2.260534212997653e-09,-2.6502826731642957e-09,-2.860497791392509e-09,-2.841373057155181e-09,-2.5568418008354687e-09,-1.998695145908428e-09,-1.1994294149898131e-09,-2.2295484183983677e-10
5.0,8.0,0.0298468559179515,-0.0282629388642962,-0.0012040345093705,-0.0003177783093316,-5.52709488542396e-05,-6.2981902992513e-06,-5.039104571810398e-07,-2.976639372074e-08,-1.3423049238307423e-09,-4.162843588515049e-11,4.287955612569321e-12,5.39860360748844e-12,5.807546910933229e-12,6.3072168956470086e-12,6.3148307186176486e-12,5.483712184759944e-12,4.1626024960732976e-12,2.0439608419151167e-12,-4.059690857382038e-13,-2.784469334242044e-12,-5.1215071968833604e-12,-7.26367085091222e-12,-8.885873154075359e-12,-9.73009172704705e-12,-9.92826253678054e-12,-9.507706869710288e-12,-8.278807040767292e-12,-6.285792546621258e-12,-4.328363108214155e-12,-2.3350371929623774e-12
7.0,5.0,0.1101000069019495,-0.1020442900603179,-0.0070947316837354,-0.0008023807002553,-0.0001345161245877,-2.103785431305103e-05,-2.7366850895853934e-06,-2.876382141387495e-07,-2.4252759356737195e-08,-1.6252574745123301e-09,-6.13773053322384e-11,2.6774398800452837e-11,3.205631608440205e-11,3.456936599882634e-11,3.0183433184685866e-11,3.2444527089687545e-11,1.7005046311729464e-11,1.0625256936141663e-11,2.226146128146582e-12,-1.5417369653970327e-11,-2.929977306836751e-11,-3.5654459182700955e-11,-4.3574189068395687e-11,-5.434385595141026e-11,-5.7932819359187005e-11,-5.049164729945775e-11,-4.3170605093422546e-11,-4.0685795313224495e-11,-2.106087064494425e-11,-1.0271136037591516e-11
6.0,8.0,0.2234573113823131,-0.1244545294803544,-0.066969395035122,-0.0236781568454246,-0.0066105230021421,-0.0014556843431435,-0.0002508500270005,-3.40966831374669e-05,-3.710891092635428e-06,-3.2715730931975065e-07,-2.184536322808372e-08,9.067356860637748e-10,2.3016166630517234e-09,2.2664168913413314e-09,2.0538996952404983e-09,1.7150189092905802e-09,1.2574845200583987e-09,6.738945245233145e-10,-1.6037782650173664e-11,-7.811876676368781e-10,-1.5847488992476091e-09,-2.3712083753560256e-09,-3.067142816615308e-09,-3.593770036511848e-09,-3.877400707769945e-09,-3.851367497644826e-09,-3.465205184317252e-09,-2.7074046474064143e-09,-1.626472860414421e-09,-3.0535478562710703e-10
2.0,10.0,0.1377801649350164,-0.0676026821281139,-0.0444915968051748,-0.0173869947966664,-0.0057358913502537,-0.0018223797327595,-0.000545892150805,-0.0001488340227926,-3.628676302410852e-05,-7.81596292885236e-06,-1.4723803338978429e-06,-2.384661999633476e-07,-2.966996600239729e-08,8.89962547499565e-10,4.343944401598197e-09,4.022842911854825e-09,2.951388655806516e-09,1.5948125123353455e-09,-1.8767769260529728e-11,-1.8501941002599263e-09,-3.7580825731408395e-09,-5.5990404504509084e-09,-7.243976879283155e-09,-8.516928850730631e-09,-9.199409244922334e-09,-9.117507229569216e-09,-8.201402059883973e-09,-6.441185962733226e-09,-3.845249934011089e-09,-7.17064165285885e-10
6.0,10.0,0.2171639614066968,-0.121331394329099,-0.0671789959172832,-0.0213806459110918,-0.0054712869277158,-0.0013654437739964,-0.0003403168772088,-7.771336839689854e-05,-1.523761607444989e-05,-2.513943248086088e-06,-3.477597277671608e-07,-3.852740486175252e-08,-1.1754898753468523e-09,2.5570781853398952e-09,2.609011455862437e-09,2.2292039299334927e-09,1.6036821222460135e-09,8.696788075995446e-10,-3.392288291409127e-12,-1.0139187644609962e-09,-2.0573643492516635e-09,-3.049263260071173e-09,-3.942051369045557e-09,-4.64508406564545e-09,-5.018368055910603e-09,-4.960062258845967e-09,-4.458059227102448e-09,-3.5167763006561486e-09,-2.0890697310178035e-09,-3.9501799973877055e-10
5.5,10.0,0.1909362028877617,-0.1291354200492306,-0.0518643848960218,-0.0090132180686887,-0.0008680875060774,-5.281742329815832e-05,-2.2064012546521542e-06,-6.70870397539194e-08,-1.572230490984634e-09,-5.7580200885939984e-11,-3.763529971182594e-11,-3.9788298576668155e-11,-3.814718654896828e-11,-3.014495117120768e-11,-3.2540636121803085e-11,-1.0705142344800292e-11,-2.4541866102174368e-11,-8.737692088821899e-12,7.524955766802886e-12,4.467135072640518e-12,1.1720837235259042e-11,3.545034267096137e-11,4.978509908476157e-11,4.7823514712244166e-11,5.1039637395435103e-11,6.599356844111836e-11,6.353652192999219e-11,3.2525638208626355e-11,2.9726305974872564e-11,-3.3928727096137728e-12
2.0,8.0,0.2211058209590393,-0.2020238599314969,-0.0174021257401968,-0.001406248855424,-0.0002274870360104,-3.941740581644917e-05,-5.88299514531157e-06,-7.211801442878727e-07,-7.151793990494056e-08,-5.7399858689041236e-09,-3.5973787075113124e-10,5.886269731394888e-14,2.314162535134063e-11,2.8463032043755783e-11,3.0177111180122125e-11,2.663666192697008e-11,2.063329886277273e-11,9.699078339494068e-12,-2.82227910776188e-12,-1.4173717359510036e-11,-2.499265779757708e-11,-3.4620517108724484e-11,-4.114956477693634e-11,-4.327453628271181e-11,-4.2601076132209454e-11,-3.985293753814134e-11,-3.3904498759125955e-11,-2.5100898641644987e-11,-1.9101322352285878e-11,-1.4485438829136156e-11
8.0,25.0,0.3180515310273488,-0.1219771841569266,-0.0970957146643506,-0.0507199096674426,-0.0249524428798205,-0.0126622171886476,-0.0061781792166481,-0.0027600038185664,-0.0011141005126227,-0.0004052408955963,-0.0001327562174803,-3.9177776879796606e-05,-1.0394714882498138e-05,-2.4397706540374583e-06,-4.6271452584256013e-07,-2.9049772901719752e-08,4.091175483500927e-08,2.9791097416603523e-08,-1.064616809100218e-09,-3.853235964435926e-08,-7.822145795843562e-08,-1.1694680206696413e-07,-1.5139460247215964e-07,-1.777546846231096e-07,-1.9198970823445545e-07,-1.9064668357969602e-07,-1.7162418981782042e-07,-1.344742522343428e-07,-8.06591761638453e-08,-1.5153368748135357e-08
3.5,8.0,0.2303363150026569,-0.1720943357127717,-0.0450398324361658,-0.0106810493525601,-0.0021356600245226,-0.000338292630072,-4.247357095984068e-05,-4.290212672535284e-06,-3.534954418387673e-07,-2.367621692532989e-08,-9.05973099708991e-10,4.1089569080240545e-10,4.727068300130593e-10,4.572681555134875e-10,4.1721328534207936e-10,3.4904692727743725e-10,2.571165250574573e-10,1.3667989538074538e-10,-5.346440882856527e-12,-1.6050054393021738e-10,-3.22867319076496e-10,-4.814463783520954e-10,-6.20156875877532e-10,-7.227427177210513e-10,-7.767450625229698e-10,-7.70051531248567e-10,-6.914837675461582e-10,-5.388317423682343e-10,-3.2687972553060816e-10,-6.916441896111566e-11
4.0,10.0,0.1061686554436228,-0.0839071316133392,-0.0188482801058064,-0.0024301024650947,-0.0006168011497245,-0.00024719192241,-8.686536368711247e-05,-2.495232374272125e-05,-5.920138711807954e-06,-1.1755688660300294e-06,-1.972514003253237e-07,-2.773684624371348e-08,-2.743081243815226e-09,3.958514529972152e-10,6.677862541358994e-10,5.948312375844941e-10,4.2821124236153717e-10,2.3249473124641523e-10,-6.170389209940535e-13,-2.7204724282691726e-10,-5.511240068447778e-10,-8.146103376836226e-10,-1.0520254876775282e-09,-1.239755455677294e-09,-1.3386894357582086e-09,-1.321164337193145e-09,-1.1866758026768303e-09,-9.37696568083323e-10,-5.56910172452516e-10,-1.0857104022071395e-10
8.0,5.0,0.0389084936698239,-0.0342725409366246,-0.0039626381686998,-0.0005899254338411,-7.564217076516235e-05,-7.213740541095186e-06,-5.055004605266032e-07,-2.6561253622175253e-08,-1.0627088611747983e-09,-2.037021019237655e-11,1.233599803290493e-11,1.3066540251941252e-11,1.3417305255810966e-11,1.4131507507648136e-11,1.2263572499124966e-11,1.2947926472602649e-11,6.904537872843661e-12,4.304838838535029e-12,8.921887680171959e-13,-6.095438292366533e-12,-1.169993377684716e-11,-1.4472386752688908e-11,-1.7842726527090317e-11,-2.2258961414678728e-11,-2.3840831208820314e-11,-2.10721593420718e-11,-1.8153159072040608e-11,-1.6837303219539706e-11,-8.747246620579044e-12,-3.7834844348330026e-12
5.5,10.0,0.3206885568237695,-0.2269389020857513,-0.0638549495303189,-0.0196938496522725,-0.0066336997784712,-0.0023860578510343,-0.0008371587550748,-0.0002581541124468,-6.746797194539088e-05,-1.4920474441406283e-05,-2.809271722752949e-06,-4.489056609282075e-07,-5.554660819271606e-08,7.168566356360395e-10,6.9828125956546145e-09,6.516227987541226e-09,4.7822233772131795e-09,2.583770324025636e-09,-3.10096704975364e-11,-2.9989126116127923e-09,-6.089464994815061e-09,-9.069942458245523e-09,-1.1732377432470029e-08,-1.3792233307730036e-08,-1.4895423206021309e-08,-1.476049928607256e-08,-1.32761692236537e-08,-1.0427743629402873e-08,-6.227095885872694e-09,-1.168828647155276e-09
6.0,20.0,0.3151801978668563,-0.1809737151076042,-0.1023091861017861,-0.0272364881450297,-0.0042078636323109,-0.0004218426700329,-2.952492519186293e-05,-1.521199346218048e-06,-6.13276491497588e-08,-3.4581934456067237e-09,-1.739919456873442e-09,-1.7376459829171783e-09,-1.7207823705179531e-09,-1.6290033892299743e-09,-1.4836596639175387e-09,-1.2077175261052255e-09,-9.167362643162731e-10,-4.831117343877372e-10,2.491431031472305e-11,5.490619982481771e-10,1.119292233422246e-09,1.708667286897979e-09,2.217814688510356e-09,2.579411975651874e-09,2.782376760841277e-09,2.792589573181259e-09,2.5205164650920542e-09,1.937467019532889e-09,1.1826473692789892e-09,2.0421274798309783e-10
6.0,15.0,0.2224287189790409,-0.2064651551546051,-0.0155290307492008,-0.0004283961808299,-6.084253796295834e-06,-5.260478813285149e-08,-4.014812831517996e-10,-1.243105700617359e-10,-1.1794953456607862e-10,-1.3185787792377652e-10,-1.4851875368240484e-10,-1.5491146960509368e-10,-1.510907450600383e-10,-1.3598962647681874e-10,-1.2442688664265076e-10,-9.089513472885355e-11,-7.832134306915389e-11,-3.9494335202528496e-11,4.902849211231714e-12,3.989003517600961e-11,8.511222240624336e-11,1.422643357068823e-10,1.8906551009869279e-10,2.166130339648204e-10,2.3594102297578056e-10,2.471278438982867e-10,2.2653471532664567e-10,1.6522217315428408e-10,1.0433502421763504e-10,6.480962315183151e-12
3.5,8.0,0.2705702058561237,-0.2403277080387911,-0.0289067370454233,-0.0013047306593472,-3.058815496608471e-05,-4.378058822328664e-07,-4.247219089578989e-09,-7.948767459268176e-11,-3.3985685660556924e-11,-4.143576119354722e-11,-5.503430450661325e-11,-5.970112498087749e-11,-5.5637647422789757e-11,-4.647346150074867e-11,-3.66968981936538e-11,-2.901306895414345e-11,-1.980941934363004e-11,-1.229012359464796e-11,-2.891645027294451e-12,1.0762910580419003e-11,2.636055563859865e-11,4.2667606217409884e-11,5.955565722339886e-11,7.584518587360082e-11,8.678830022325078e-11,8.907405146738349e-11,8.247585542180377e-11,6.624814537448219e-11,3.484499159355457e-11,-6.607414162546436e-12
4.5,15.0,0.345207173781064,-0.2291820634364867,-0.0878573125821897,-0.0209905827898382,-0.0050335169485892,-0.0014943611137581,-0.0004658774033834,-0.0001362023175208,-3.6300537548101614e-05,-8.682907464605351e-06,-1.8384713670649048e-06,-3.4005824130711786e-07,-5.248282960923578e-08,-4.2838481991974885e-09,2.4813883150123096e-09,2.868713839866565e-09,2.141132762013842e-09,1.1655321770186622e-09,-6.5238832268998906e-12,-1.3584602851090975e-09,-2.756137553894811e-09,-4.088004832173383e-09,-5.2845670049989676e-09,-6.222842069549904e-09,-6.720999324426532e-09,-6.645645706463276e-09,-5.973842386253328e-09,-4.7089112854580135e-09,-2.802890031451014e-09,-5.358595975638436e-10
8.0,20.0,0.1260957543137191,-0.0867939597456427,-0.0322869913963097,-0.0058285801147337,-0.0007909816389137,-0.0001899942260147,-9.880028010826432e-05,-5.595786187345854e-05,-2.873744943891284e-05,-1.322274670359696e-05,-5.4706012854369336e-06,-2.0424956743276985e-06,-6.895514742408807e-07,-2.0998828005888522e-07,-5.6707083681245785e-08,-1.2605172833457032e-08,-1.565522763653603e-09,3.3389634194173637e-10,-1.7078438341782762e-10,-1.328089598350186e-09,-2.647079446492256e-09,-3.9436176690558145e-09,-5.103123771552482e-09,-5.997180658356794e-09,-6.478389418191732e-09,-6.426643702800716e-09,-5.78483103689317e-09,-4.543200133549393e-09,-2.7239344449062804e-09,-5.235966132819002e-10
8.0,10.0,0.0499718487188604,-0.0271397038544212,-0.0162827504687911,-0.0051492248594557,-0.0011465031965441,-0.0002130985884976,-3.496148958711354e-05,-4.953552072012154e-06,-5.883076798863297e-07,-5.7743044101706016e-08,-4.466866374064754e-09,-2.4516816258747188e-11,2.8268066202652446e-10,2.8843227626627316e-10,2.59005137542306e-10,2.2223249516612079e-10,1.5646158419108914e-10,8.577787433324393e-11,1.195008785794844e-12,-1.0100750561761956e-10,-2.0459801157266512e-10,-2.998999531137513e-10,-3.871234541805053e-10,-4.584613321972628e-10,-4.956051378945845e-10,-4.869879695703643e-10,-4.3697622108039455e-10,-3.4808924456535193e-10,-2.0454696291831355e-10,-3.9768536914024686e-11
6.0,20.0,0.3923883142343561,-0.15026617996455,-0.1176146218881171,-0.064975778220839,-0.0327561406646818,-0.0153362620690371,-0.0067118844731001,-0.0028371550625115,-0.0011716341772018,-0.0004636491292948,-0.0001712266228355,-5.7963144244437325e-05,-1.780712131204834e-05,-4.90540442948412e-06,-1.1620172089416614e-06,-1.9119683707261738e-07,1.724064229896132e-08,3.159440036677441e-08,-3.030186415849327e-09,-5.169484876497183e-08,-1.0442047228967621e-07,-1.560836780216491e-07,-2.0206248264084282e-07,-2.3723537825562e-07,-2.562392588236508e-07,-2.5447506378331296e-07,-2.2910191822250333e-07,-1.795081846039138e-07,-1.0771684211345738e-07,-2.028966974605581e-08
5.5,5.0,0.1636687870374925,-0.1487716178675875,-0.0134324661540742,-0.0012682753562538,-0.0001710789707121,-2.2772857732532672e-05,-2.375413011133596e-06,-1.881635145975077e-07,-1.1516368524038268e-08,-5.264396579963917e-10,9.790732074964072e-12,3.015290832421522e-11,3.257170300557859e-11,3.6757017766078985e-11,3.1478181736464536e-11,3.719440739951581e-11,1.6995280477821797e-11,1.1427928273200082e-11,3.534348607718283e-12,-1.7861651383588866e-11,-3.333491878905226e-11,-3.7574691113096346e-11,-4.485004193071349e-11,-5.763631847340511e-11,-6.1223803682433e-11,-5.0220407457431536e-11,-4.182536498717783e-11,-4.321431294618215e-11,-2.0757741714884827e-11,-1.3178224561474722e-11
2.0,8.0,0.1353865313597468,-0.1123700758078407,-0.021374298410299,-0.00157917351816,-6.148727641247276e-05,-1.4722925805507504e-06,-2.383829658206424e-08,-3.028226018595162e-10,-2.018964734660716e-11,-2.1466057651594182e-11,-2.7884785620716342e-11,-3.010759637309864e-11,-2.819920713709394e-11,-2.3848093689252208e-11,-1.9035785334514773e-11,-1.524223129878747e-11,-1.0379586606619066e-11,-6.381679636390549e-12,-1.3997771449090716e-12,5.784586558243641e-12,1.3848025865557322e-11,2.2115665104547767e-11,3.0626088601490294e-11,3.880050066400047e-11,4.4191128517730125e-11,4.5135853993700105e-11,4.1675183629714367e-11,3.3525143110473286e-11,1.7748191955506356e-11,-2.772487639869924e-12
3.5,5.0,0.0140766714508372,-0.01171995854175,-0.0017423688793273,-0.00051178942053,-9.080058903055602e-05,-1.0773993013810757e-05,-9.1788890739545e-07,-5.8982494657634174e-08,-2.947645104208165e-09,-1.0060883171682064e-10,1.5659924237663746e-11,1.9839918603831e-11,1.9922075679551937e-11,1.9471749035791507e-11,1.7329248646823165e-11,1.556555702392877e-11,1.0326611670978288e-11,5.806364392847569e-12,3.123673582335608e-13,-7.141550516640478e-12,-1.4270289651619528e-11,-2.0142458510139675e-11,-2.5750770437366085e-11,-3.0807935228984355e-11,-3.32305558439895e-11,-3.1970442059608396e-11,-2.8464620130175603e-11,-2.3353017758344108e-11,-1.3400480858833276e-11,-3.224249226218253e-12
7.0,20.0,0.115764230440157,-0.0226581207914044,-0.0291408713112217,-0.0254675601604243,-0.0176145369847641,-0.0104302862546813,-0.0055633584753647,-0.0027480424186446,-0.0012669676396732,-0.0005431539740505,-0.000214981460088,-7.807135957698477e-05,-2.587759174919663e-05,-7.764152436053633e-06,-2.0549113291918804e-06,-4.324286179127514e-07,-3.50036059495708e-08,2.402795220927969e-08,-6.547447105756677e-09,-6.180471891932361e-08,-1.2379702981286986e-07,-1.84997668454792e-07,-2.394981802367757e-07,-2.811417496965228e-07,-3.036675001942902e-07,-3.016591274767684e-07,-2.716205160684467e-07,-2.1277837339159805e-07,-1.2778758206196308e-07,-2.4150730466092127e-08
5.0,15.0,0.0613782599491531,-0.0209794483164256,-0.0199636295667156,-0.0115422381783375,-0.0051883767516968,-0.0021852305384616,-0.0009294986377408,-0.0003817179077517,-0.0001425652842612,-4.715066578020731e-05,-1.3738593700066045e-05,-3.531043156531305e-06,-7.969754698515333e-07,-1.509629487747142e-07,-1.6453307979690765e-08,6.821414330706292e-09,7.938034347340493e-09,4.580791218886565e-09,-8.756331643556217e-11,-5.410460256873269e-09,-1.0997182525955448e-08,-1.643928393703329e-08,-2.127965070970204e-08,-2.4984033072689483e-08,-2.698283151828004e-08,-2.6790160583731004e-08,-2.4113424916627026e-08,-1.8890727039173003e-08,-1.1322649506524305e-08,-2.11428056215435e-09
5.5,5.0,0.1975842765346022,-0.1717177233192676,-0.0233087127664359,-0.0023043366421384,-0.0002337230358867,-1.866188156650904e-05,-1.0719638141833046e-06,-4.530784250680374e-08,-1.4234660077586855e-09,1.8017790915823741e-12,3.199807619706243e-11,3.1208009043472983e-11,3.3159710387911394e-11,3.8375608921179225e-11,3.20600184937778e-11,4.048647029128895e-11,1.6568148256928626e-11,1.1943961229020084e-11,4.7563580528895546e-12,-1.944244341915096e-11,-3.60742294710597e-11,-3.8613163097994245e-11,-4.5511459669701427e-11,-6.018614566008777e-11,-6.405790422822929e-11,-5.0421960602453967e-11,-4.129055753951424e-11,-4.570738246493096e-11,-2.052935307315465e-11,-1.468996502836635e-11
2.0,20.0,0.2356505995504142,-0.1186629954008028,-0.0598187547955266,-0.0338435015015835,-0.0143213543689899,-0.0053785661742041,-0.002125623308758,-0.0009041548112677,-0.0003784256007946,-0.0001455605139484,-5.021696347729408e-05,-1.5464579819144408e-05,-4.243811885163853e-06,-1.023557143112443e-06,-2.003664281628981e-07,-1.583752838375147e-08,1.5049737400258012e-08,1.1447869582301489e-08,-4.288919285224178e-10,-1.4991525852074263e-08,-3.0427339203246744e-08,-4.5480434008274414e-08,-5.8874990321430143e-08,-6.913234065236078e-08,-7.466908169358024e-08,-7.413789480333917e-08,-6.673818345792135e-08,-5.230212288257583e-08,-3.136545199234752e-08,-5.897745445073077e-09
3.0,10.0,0.1760367810810489,-0.1675713905077646,-0.0083145831011483,-0.0001494240267932,-1.375787457224753e-06,-7.704869084182985e-09,-5.4048051251232306e-11,-3.931574953776155e-11,-2.8398561793735674e-11,-3.4006253587195506e-11,-4.394771523892605e-11,-4.7338152113565656e-11,-4.4656013178399707e-11,-3.633003033880849e-11,-3.4077605585245664e-11,-1.7450087783658864e-11,-2.2866801748136548e-11,-1.0118365412021666e-11,3.726776495016618e-12,6.817785506115099e-12,1.713786442472397e-11,3.818372520321502e-11,5.3564028548215365e-11,5.829527326462583e-11,6.433115011656971e-11,7.472406590358491e-11,7.081762570089956e-11,4.499793956750701e-11,3.171397690421484e-11,-4.598386576462371e-12
6.0,10.0,0.2076790689418018,-0.1065543249122427,-0.0635914438915049,-0.0257800648434594,-0.0086817647001162,-0.0024057327317748,-0.0005453579636789,-0.0001020944664966,-1.592517165160153e-05,-2.082161779240709e-06,-2.266771877390833e-07,-1.7257333976979465e-08,2.769085621404682e-09,4.211915378172361e-09,3.896292753022261e-09,3.2923566875639638e-09,2.375803011381042e-09,1.2858056737118002e-09,-9.189173155880282e-12,-1.4963670411162243e-09,-3.037563609010353e-09,-4.511629402527994e-09,-5.8346485385263955e-09,-6.869376034322313e-09,-7.421016498698139e-09,-7.343022580002017e-09,-6.601963440776065e-09,-5.198375919905838e-09,-3.0931567291771123e-09,-5.79264158408638e-10
4.5,10.0,0.18525448851528,-0.1609719401388863,-0.0202539497547872,-0.0031736020388501,-0.000648622920861,-0.0001556285524584,-3.9071510067112325e-05,-9.291482468715796e-06,-1.960619927385146e-06,-3.561216838110856e-07,-5.507978815104468e-08,-7.06477475212425e-09,-5.311631327738643e-10,2.2532308222689118e-10,2.7023931592304587e-10,2.450182292344631e-10,1.6664130917791955e-10,9.264525397023667e-11,3.3070948995511832e-12,-1.1252586946404208e-10,-2.2543599733847748e-10,-3.2217457103287776e-10,-4.127632338310272e-10,-4.91260782903635e-10,-5.297143360330395e-10,-5.131661362598971e-10,-4.5790413262414047e-10,-3.715990720508885e-10,-2.1578406858736547e-10,-5.018465778703212e-11
4.5,15.0,0.3585262352473011,-0.1800123374463142,-0.1061374545994821,-0.0461090458472439,-0.0179130855714652,-0.0059960229159625,-0.0017530686399049,-0.0004635118280923,-0.0001117942112056,-2.425247002101811e-05,-4.64853069220985e-06,-7.715193107252646e-07,-1.0119959600442582e-07,-6.24261446469312e-10,1.1357192852936961e-08,1.082506190816787e-08,7.973292497079717e-09,4.309466612008506e-09,-5.2359643457713246e-11,-4.997725392440929e-09,-1.0151837625567436e-08,-1.5129294244202213e-08,-1.9575009889975322e-08,-2.3011705996094424e-08,-2.4854887248259008e-08,-2.4637557862266133e-08,-2.2163442878001825e-08,-1.7402412653936032e-08,-1.039313175196408e-08,-1.9391981875343707e-09
5.5,5.0,0.1179491661362986,-0.0674663846950594,-0.0378931797255134,-0.0104997526057485,-0.0018330540015899,-0.0002317615671968,-2.3031317503395866e-05,-1.868217302212523e-06,-1.248647985666183e-07,-6.547940682771863e-09,1.11339015020214e-10,4.3111352171955907e-10,4.4000783633799596e-10,4.234444789400944e-10,3.7774708717946334e-10,3.278833086120651e-10,2.2702733397605624e-10,1.2551057561179112e-10,3.437030002708785e-12,-1.4915334112741568e-10,-3.015147822108436e-10,-4.3788892811840576e-10,-5.643658864942196e-10,-6.708773505703634e-10,-7.25397906847893e-10,-7.09258296930501e-10,-6.35451577393249e-10,-5.101994456122158e-10,-2.973523372068433e-10,-5.965808876271111e-11
3.0,15.0,0.0436919691651606,-0.0204017325986367,-0.0144057261625058,-0.0058860664349916,-0.0019592999837568,-0.0006685776408804,-0.0002440278694003,-8.737142150148302e-05,-2.8428869401215275e-05,-8.137140634668199e-06,-2.032556047470767e-06,-4.4251568484579753e-07,-8.27003510660389e-08,-1.1595653897241102e-08,5.386167367663588e-10,2.0157335211052287e-09,1.651876915072298e-09,9.059292713189415e-10,-1.3351593255626587e-11,-1.0524901255360658e-09,-2.1388993895262142e-09,-3.193044569292667e-09,-4.1323522417989765e-09,-4.854408320265379e-09,-5.242960510861742e-09,-5.201793436445454e-09,-4.680892033897327e-09,-3.670743939803018e-09,-2.1967013766687406e-09,-4.1015143959079854e-10
6.0,20.0,0.1656197646750853,-0.0602056861583419,-0.0416188011269244,-0.0308810467431838,-0.0177311498466499,-0.0086937299164123,-0.0038847221921623,-0.001624856106307,-0.0006363792417362,-0.0002316462193285,-7.78928835062606e-05,-2.408357033978607e-05,-6.801103693639244e-06,-1.7217909078055966e-06,-3.6264243922319533e-07,-3.8197106188632135e-08,2.1912142547789872e-08,1.847751847021159e-08,-9.249654951183431e-10,-2.538616538711728e-08,-5.14607940506768e-08,-7.693489036724367e-08,-9.95958340352309e-08,-1.169309465983292e-07,-1.262931116443339e-07,-1.254139989048795e-07,-1.1289995433946433e-07,-8.845221134152334e-08,-5.3055738532323273e-08,-9.959034132001657e-09
7.0,10.0,0.3036654071539769,-0.2565002107520031,-0.0416753475675145,-0.0043166744685536,-0.0008898271467164,-0.0002281215608575,-4.673953116476319e-05,-7.439912980987347e-06,-9.399746732213322e-07,-9.607762624964589e-08,-7.885972870850104e-09,-3.121579688123345e-10,2.3174424101107e-10,2.6258210823135527e-10,2.338546041359652e-10,2.1776294288497444e-10,1.3776795804987295e-10,7.919532139169887e-11,6.983107176021866e-12,-1.0042205944133215e-10,-1.9889253159022404e-10,-2.7272150481630557e-10,-3.4615636165840964e-10,-4.1789758570881615e-10,-4.5021389553549716e-10,-4.25846462066717e-10,-3.768255327635659e-10,-3.1692084722195547e-10,-1.7820444759710258e-10,-4.9364194950411217e-11
8.0,8.0,0.216835609325025,-0.1980141735664735,-0.0181727826712028,-0.0006369525964772,-1.1571533781693938e-05,-1.2806914654933682e-07,-9.747540198511382e-10,-4.3179506046677736e-11,-2.412820880959533e-11,-3.0073557049698347e-11,-4.1084660239885515e-11,-4.483443929513144e-11,-4.1516428122511306e-11,-3.4146234118264226e-11,-2.6516127014646308e-11,-2.072803530383782e-11,-1.4071222421556173e-11,-8.89890370793112e-12,-2.376506029828656e-12,7.417216321370018e-12,1.8785457674132672e-11,3.0844192376724e-11,4.3508573753102624e-11,5.591900479881599e-11,6.440781651474564e-11,6.640494818701681e-11,6.168465459132465e-11,4.9603110757848997e-11,2.5769049809302744e-11,-6.0239468030395416e-12
6.0,5.0,0.0171254125838348,-0.0113413866710271,-0.0034976245668756,-0.0016564828291918,-0.0005046952242788,-0.0001066441185168,-1.64593769164261e-05,-1.9284946148445964e-06,-1.7669976615185896e-07,-1.2835755362443105e-08,-6.016114211682245e-10,1.4662447196660222e-10,1.8275597372894296e-10,1.7626329068930487e-10,1.5853274498681223e-10,1.3441262883504487e-10,9.629388302275807e-11,5.228260727790917e-11,-1.0244335137692853e-13,-6.11354660696056e-11,-1.2394567818307468e-10,-1.8331784105433988e-10,-2.3687261842362016e-10,-2.7927599120925913e-10,-3.016863435259081e-10,-2.9784438891050004e-10,-2.6758141151261203e-10,-2.113890490746676e-10,-1.2536065507636003e-10,-2.389187038065029e-11
8.0,20.0,0.066309910536729,-0.0654322678943163,-0.0008734834066631,-4.149226489321426e-06,-1.0052126917516533e-08,-4.131670005933512e-11,-3.018139127369687e-11,-3.845852587383856e-11,-3.6732555502313486e-11,-4.100614774212705e-11,-4.6380684920263066e-11,-4.842196616830578e-11,-4.710548849137978e-11,-4.2500882389262e-11,-3.872007771364205e-11,-2.8344799374172708e-11,-2.4345649107709693e-11,-1.2334130024808394e-11,1.4496295762473208e-12,1.243790857727337e-11,2.654562526224805e-11,4.4302347068015135e-11,5.893198946348783e-11,6.762998722606023e-11,7.362617128901457e-11,7.709595177848218e-11,7.072455174815834e-11,5.160582047832367e-11,3.253563528062822e-11,1.9442150920120925e-12
6.0,25.0,0.3294784122942537,-0.2294872898718905,-0.0476056404003769,-0.0169960691351695,-0.0130395624513989,-0.0095306583049692,-0.0061126399437674,-0.0034856780471424,-0.0017912779882769,-0.0008391210657211,-0.0003617703361691,-0.0001446099944581,-5.38306641745836e-05,-1.865449670510481e-05,-5.9605763651830056e-06,-1.7007800857876013e-06,-3.963024539061794e-07,-6.520404686643364e-08,-3.9436913135951455e-08,-1.0685458275327053e-07,-2.010698868689499e-07,-2.9834851821490416e-07,-3.858848292404785e-07,-4.529304121444664e-07,-4.892571673584397e-07,-4.861145666636436e-07,-4.378037080102665e-07,-3.430528574306239e-07,-2.062466567894155e-07,-3.93434024898644e-08
4.0,8.0,0.0185453459570762,-0.0097385748865064,-0.0063370590566058,-0.0020291448880471,-0.0003871979906648,-4.8739900242062505e-05,-4.329159304979199e-06,-2.848349741575246e-07,-1.4353388237947936e-08,-5.118734917133791e-10,4.9749217669554926e-11,6.952536107847284e-11,6.956803519687528e-11,6.650830483120884e-11,6.034646060666007e-11,5.034839551514665e-11,3.70330845549383e-11,1.9777045944205804e-11,-5.978041615787344e-13,-2.3006080430677136e-11,-4.6557120943259136e-11,-6.966044890082929e-11,-9.000882872567121e-11,-1.0525094551264442e-10,-1.1342299542656623e-10,-1.1265830744270043e-10,-1.0131878141328366e-10,-7.902632111671146e-11,-4.7647362155451355e-11,-9.232258653667347e-12
5.5,5.0,0.0377589715267455,-0.0208480660560719,-0.0122682756274959,-0.0037443745379684,-0.0007647640409627,-0.0001177513643198,-1.4255868735623262e-05,-1.3709175370636675e-06,-1.05307737766716e-07,-6.367787724953659e-09,-1.261465614048716e-10,1.9993982121830718e-10,2.1202963860394543e-10,2.0373227674642558e-10,1.8236978718103104e-10,1.5654360625094003e-10,1.1012937952134623e-10,6.0385765981728e-11,8.522452427208396e-13,-7.118211458908456e-11,-1.441369745656137e-10,-2.111630810832208e-10,-2.7253212015854873e-10,-3.227778595738661e-10,-3.4890500635408775e-10,-3.4273755508855937e-10,-3.0749694115154593e-10,-2.4502088500147007e-10,-1.4392704672149004e-10,-2.8048164963424345e-11
5.5,8.0,0.2610635234606132,-0.2228465195056331,-0.032405143503961,-0.004326440984976,-0.0011037775918537,-0.0003006230757325,-6.68893349936046e-05,-1.207859546599307e-05,-1.798758305424349e-06,-2.2345553022550826e-07,-2.3015003689651683e-08,-1.5656038429776591e-09,3.8257747959626837e-10,5.149191938886579e-10,4.79404177080849e-10,4.0227712066516227e-10,2.959493613094476e-10,1.5733240018364247e-10,-6.170542683201948e-12,-1.8518386024697354e-10,-3.7205870953806005e-10,-5.539294115588827e-10,-7.129901766269276e-10,-8.307227963262873e-10,-8.923601433013432e-10,-8.83917193965094e-10,-7.93403464273848e-10,-6.186906825936731e-10,-3.7554031916899136e-10,-8.115627109618237e-11
3.0,5.0,0.030354013093649,-0.0207717360436039,-0.0065714467761178,-0.0023776759834168,-0.0005382512060214,-8.421562225058647e-05,-9.746009697134622e-06,-8.742379608097626e-07,-6.270729650633505e-08,-3.563633576813071e-09,-3.6946328517296575e-11,1.4063672909591848e-10,1.4686738612689768e-10,1.4121908079502347e-10,1.2653398336604289e-10,1.0871155294827148e-10,7.645757008388903e-11,4.189312114298648e-11,5.391942215023334e-13,-4.9492968116737127e-11,-1.000994993087588e-10,-1.4650637869919704e-10,-1.889564210440756e-10,-2.2368337267424728e-10,-2.4167037172564837e-10,-2.3726298935228656e-10,-2.1278659892756062e-10,-1.6958733271296102e-10,-9.969512245116308e-11,-1.9790315352336216e-11
7.0,15.0,0.0783202554556559,-0.0770584593684786,-0.0012544969995751,-7.277577027649714e-06,-2.1511706741053363e-08,-5.6532698048387065e-11,-2.0319138271414687e-11,-2.772564928908081e-11,-2.3802568710815203e-11,-2.736224209627136e-11,-3.242950367750687e-11,-3.426675933990741e-11,-3.3005865335971654e-11,-2.856846757582015e-11,-2.6113364473727588e-11,-1.7461602399829143e-11,-1.6608650020188727e-11,-8.145181498586942e-12,1.3927946701133114e-12,7.364916094363037e-12,1.6481626196974008e-11,2.9700484819305245e-11,4.024196213631287e-11,4.573362513897668e-11,5.0259095182794285e-11,5.424467282189796e-11,5.027504860551948e-11,3.5452367001123267e-11,2.281045741857944e-11,-4.895096950993587e-13
5.5,15.0,0.2880783643032719,-0.1628455175974845,-0.0945328725940362,-0.0260453741285457,-0.004183566481528,-0.0004372752996439,-3.196524196095394e-05,-1.7211141576820084e-06,-7.129154087779411e-08,-2.710334864252846e-09,-4.93064141392184e-10,-4.461475522307409e-10,-4.400976478399232e-10,-4.1001157676506575e-10,-3.806146959015151e-10,-2.911739465849952e-10,-2.408084260575917e-10,-1.2152690481665116e-10,1.520778795286169e-11,1.3219007257431494e-10,2.720460987522096e-10,4.3578679194906156e-10,5.693590107320035e-10,6.492933623495786e-10,6.99289967237394e-10,7.189513251474932e-10,6.531096971099824e-10,4.82582831188019e-10,3.0692090285549896e-10,4.4707015006896065e-11
3.5,10.0,0.1499606305694476,-0.1004131163681975,-0.0368385005671477,-0.0088796518110996,-0.0025954522056233,-0.0008826744221047,-0.0002676613275797,-6.695329703769297e-05,-1.3823976349626684e-05,-2.3858888892016893e-06,-3.4718756137022626e-07,-4.14484928073149e-08,-2.3885794827164394e-09,1.811633252422591e-09,1.999724255477968e-09,1.716206793349143e-09,1.240019606962341e-09,6.71066016223786e-10,-4.979385427029313e-12,-7.813292940228738e-10,-1.585443621153784e-09,-2.353968505342814e-09,-3.043466326625752e-09,-3.5824987795597566e-09,-3.869454943310597e-09,-3.828001724324736e-09,-3.441278680463336e-09,-2.7100441462982555e-09,-1.613440273378804e-09,-3.0524274552918616e-10
3.0,20.0,0.1755519678979743,-0.0852416226005919,-0.0584032804614459,-0.0220493906209281,-0.0066533135161311,-0.0021470131475633,-0.0007393951111531,-0.0002350194718158,-6.432422680636255e-05,-1.498551767254222e-05,-2.984646366612128e-06,-5.090582522291906e-07,-7.13827285118423e-08,-4.6355241477500065e-09,3.780459524617958e-09,4.048701672434613e-09,3.009289478347619e-09,1.631335673548312e-09,-1.5328689264182058e-11,-1.8926528509450904e-09,-3.845001504960775e-09,-5.723318878663647e-09,-7.404423943819851e-09,-8.710406791306165e-09,-9.409670277426733e-09,-9.32157056835082e-09,-8.384626048443783e-09,-6.592313019079479e-09,-3.93304781960208e-09,-7.380873301341854e-10
3.5,5.0,0.037604197637772,-0.0315643728933849,-0.0055445677494621,-0.0004732105737741,-2.1435986879618302e-05,-5.989451847797404e-07,-1.1326370756598186e-08,-1.5393298526661853e-10,1.8391187999354327e-12,3.0783975080136778e-12,1.742439828292226e-12,1.3586900232204453e-12,1.742895099209136e-12,2.933466505786348e-12,2.0899917418776053e-12,4.41292714799455e-12,6.638061214302729e-13,9.683120142622813e-13,9.857319478893788e-13,-2.1865147201211745e-12,-3.811908330420265e-12,-2.7278677388613948e-12,-2.6974595155949175e-12,-4.545408583380112e-12,-4.769188228123677e-12,-2.181605469771287e-12,-1.1867571976947737e-12,-3.563838819583239e-12,-7.521012826431988e-13,-2.159013774651807e-12
3.5,10.0,0.1194947260707854,-0.0529362873929964,-0.040269651258353,-0.0179062802022408,-0.0060728202541151,-0.0017602474789443,-0.0004388292295176,-9.192290969171378e-05,-1.6019338329516045e-05,-2.3294315797785643e-06,-2.827981527076891e-07,-2.620434390208648e-08,1.050944648783381e-09,3.369507803108733e-09,3.21089968615072e-09,2.7143917318410143e-09,1.9643793993204132e-09,1.0617426924504102e-09,-9.887036457146932e-12,-1.2337305943662592e-09,-2.505250253637738e-09,-3.726592948901282e-09,-4.820574206679604e-09,-5.6720214847239325e-09,-6.127257080344969e-09,-6.0676665654573005e-09,-5.456638394364964e-09,-4.291173871756342e-09,-2.556824282426712e-09,-4.765887609070671e-10
3.5,10.0,0.040626785838511,-0.0159050153204766,-0.0140035218102847,-0.0071441513158783,-0.0025874550679902,-0.0007495488990856,-0.0001865142271945,-4.101344697636927e-05,-7.970797053092779e-06,-1.3560437742229018e-06,-1.9951277693962853e-07,-2.4185955717223832e-08,-1.209012773337541e-09,1.328831440820575e-09,1.428680613963478e-09,1.2200500349042143e-09,8.853471550652701e-10,4.781973263560946e-10,-5.068843062100065e-12,-5.551201031484325e-10,-1.1274685894622362e-09,-1.6786372591879031e-09,-2.171717109878106e-09,-2.5543401060591357e-09,-2.759259314443533e-09,-2.7337156019579123e-09,-2.458776370151782e-09,-1.9321663494818016e-09,-1.152245230041795e-09,-2.1430232560829354e-10
5.0,8.0,0.2053330768535209,-0.139395455072459,-0.0479908497879843,-0.0142182879076878,-0.0030692690934107,-0.0005576255935457,-8.833858442437308e-05,-1.1818707885126762e-05,-1.301278166528442e-06,-1.1684504394393249e-07,-7.918560368072734e-09,3.5186333717768803e-10,8.684661148466333e-10,8.574184123727715e-10,7.791481189666235e-10,6.509733735210075e-10,4.781108576996964e-10,2.555095213292267e-10,-7.421983548148338e-12,-2.97464595084041e-10,-6.017417121441601e-10,-8.99391401148624e-10,-1.1617435677455051e-09,-1.3587306674630147e-09,-1.4640549852424831e-09,-1.453350518500228e-09,-1.3067928095811975e-09,-1.020057724227049e-09,-6.14839039862171e-10,-1.2031461305971204e-10
7.0,8.0,0.1776341732290274,-0.1642231871058515,-0.0120213207983405,-0.0011303618508587,-0.0002086208961879,-4.1548719997952144e-05,-7.691150712750385e-06,-1.2487782257251863e-06,-1.718210308318231e-07,-1.9762397889105675e-08,-1.870283277593064e-09,-1.1200177670931802e-10,3.5767650024675816e-11,4.8310218734681744e-11,4.779617275091802e-11,4.1136587911480037e-11,3.1010961871634427e-11,1.5540240087960304e-11,-2.429774054173008e-12,-2.037207754342445e-11,-3.830050560663205e-11,-5.5031194808790075e-11,-6.824930280946908e-11,-7.601808043099676e-11,-7.872802166782637e-11,-7.617907175431288e-11,-6.695943699026959e-11,-5.1244231009904876e-11,-3.400162406175589e-11,-1.5191684053737524e-11
4.0,25.0,0.2241739335303504,-0.0550536819192989,-0.0641402015704656,-0.0484785559444125,-0.0282734688042067,-0.0143610928355371,-0.0070602621592646,-0.0035399530835658,-0.0017776423679296,-0.0008558912233531,-0.0003834323313154,-0.0001578066340511,-5.942786829298212e-05,-2.041974971922988e-05,-6.340484526877881e-06,-1.7194419910168193e-06,-3.64026425677321e-07,-4.443060734849322e-08,-3.2466233136376744e-08,-1.0887186249692528e-07,-2.092290039215012e-07,-3.113607662381777e-07,-4.02912914692135e-07,-4.729762679376156e-07,-5.109262811573418e-07,-5.076352569404937e-07,-4.5718690607179333e-07,-3.58263890864206e-07,-2.1537924745076762e-07,-4.1086054832912576e-08
5.5,10.0,0.2002112153662771,-0.0808067045070893,-0.0669106962616926,-0.033598870318168,-0.0130428201468201,-0.0042962795453766,-0.0012060217694177,-0.000283665442697,-5.556804522401835e-05,-9.104908379726344e-06,-1.2529001903525918e-06,-1.387746844014476e-07,-4.564814837775381e-09,8.854809776010792e-09,9.099454299932817e-09,7.725061409257962e-09,5.611825138954148e-09,3.0282373580114807e-09,-3.6525899840631694e-11,-3.5130992930218642e-09,-7.135747582429468e-09,-1.0632752790114625e-08,-1.3757149548994002e-08,-1.6174289724396145e-08,-1.7470633960505716e-08,-1.7316296695715646e-08,-1.5576465911917973e-08,-1.2231269907854466e-08,-7.300531386041318e-09,-1.3561204223317711e-09
6.0,10.0,0.2343085735221003,-0.1834805179825354,-0.0389938772220725,-0.0095259683402006,-0.0019378919781484,-0.0003220592172888,-4.323245285511374e-05,-4.606711514309556e-06,-3.899453501372841e-07,-2.6294997872962764e-08,-1.142988977420097e-09,2.8214247724667836e-10,3.4779760482846043e-10,3.4193163294022905e-10,3.035990450342028e-10,2.7305476823067567e-10,1.8050508715890048e-10,1.0184994554779187e-10,6.0629281243645646e-12,-1.2500409401219128e-10,-2.5020250097046313e-10,-3.5297974595831687e-10,-4.5165050496916437e-10,-5.413332723661704e-10,-5.844651249887814e-10,-5.622429156416982e-10,-5.007790027975601e-10,-4.114842095310204e-10,-2.3536708522252355e-10,-5.549424676423139e-11
3.0,10.0,0.0157212227241554,-0.0038746349824747,-0.0046991971646965,-0.0036724495113787,-0.0021021118148595,-0.0009278998428029,-0.0003254321864196,-9.262424520088e-05,-2.175431640860077e-05,-4.274274826687805e-06,-7.092453778313766e-07,-9.837648103035437e-08,-9.32374981030282e-09,1.708296303789812e-09,2.62967287822878e-09,2.299208258762714e-09,1.68221561735426e-09,9.062767086837811e-10,-1.38368608499314e-11,-1.0492729802335719e-09,-2.1319838085831204e-09,-3.1832675786580036e-09,-4.1196989120132795e-09,-4.838955713542439e-09,-5.226112783725487e-09,-5.185461831178091e-09,-4.665889851980758e-09,-3.657463096904867e-09,-2.187804662691649e-09,-4.052808757327397e-10
4.5,20.0,0.2884814150079643,-0.2390094361094756,-0.0360798797335838,-0.0073383275986244,-0.0035899976729594,-0.001632177235307,-0.0005977741072503,-0.0001785449783436,-4.417819567779384e-05,-9.175491236951185e-06,-1.6157861255619551e-06,-2.410005133475693e-07,-2.78488939673124e-08,4.5750983961983835e-10,3.363852717972897e-09,3.116547871702031e-09,2.273269552344537e-09,1.2302679938740856e-09,-1.0760814664947023e-11,-1.4314830726222959e-09,-2.9044079607309753e-09,-4.314626832170506e-09,-5.57788881925989e-09,-6.5623589128646195e-09,-7.086644538823888e-09,-7.012687688360043e-09,-6.3046160607215214e-09,-4.9623537613365015e-09,-2.958764712533121e-09,-5.64669483929256e-10
4.5,8.0,0.2023041702017703,-0.1900571656104644,-0.0119689421904371,-0.0002747986068102,-3.2405220543920224e-06,-2.321768055828507e-08,-1.2971029861291564e-10,-3.3120727550843536e-11,-1.885385420569775e-11,-2.4239002627075564e-11,-3.4583192161246316e-11,-3.807224012016041e-11,-3.4922614768288795e-11,-2.805874716729036e-11,-2.1213502727585468e-11,-1.6289763151085665e-11,-1.093666868902213e-11,-7.142902005392208e-12,-2.2780728841003287e-12,5.4772336828615465e-12,1.4705159259929074e-11,2.4702288848857118e-11,3.543210051643705e-11,4.620325052500292e-11,5.3752834181538547e-11,5.578693123106552e-11,5.206963063534165e-11,4.195836276180934e-11,2.1391661297334216e-11,-6.426154112369958e-12
7.0,25.0,0.3476839901281842,-0.2696633208100167,-0.064694663639295,-0.0081324547026399,-0.0022499965173089,-0.0013802128038417,-0.0008210907554929,-0.0004272740339873,-0.0001951835792035,-7.88055197042158e-05,-2.827971102796533e-05,-9.058007683115315e-06,-2.5932277168196816e-06,-6.580694677446724e-07,-1.406950025505014e-07,-1.8296165681087143e-08,4.857204011284556e-09,5.005126084997937e-09,-2.7583412874403446e-10,-7.1480159210900275e-09,-1.4484051751322829e-08,-2.163645841489616e-08,-2.8005169072706548e-08,-3.2889420217197623e-08,-3.5523160853702324e-08,-3.5261601794425826e-08,-3.17412764099612e-08,-2.488956200344375e-08,-1.4928899605530217e-08,-2.832085261558443e-09
5.0,5.0,0.0311494956005907,-0.0166116420607923,-0.0104095463984735,-0.0033332442608384,-0.0006826330582155,-0.0001001890208154,-1.1187491042847476e-05,-9.800003650758496e-07,-6.847020948965595e-08,-3.728622171865983e-09,-4.696970678961262e-12,1.7445782569281258e-10,1.7988990058047108e-10,1.7263480054667238e-10,1.5450578776599396e-10,1.3261086030772044e-10,9.329410939587198e-11,5.115979443560506e-11,7.30533634550521e-13,-6.029087506162162e-11,-1.221018168658445e-10,-1.7890223908772882e-10,-2.3091593196155644e-10,-2.7350807339626856e-10,-2.9566646928067155e-10,-2.90460370463231e-10,-2.606072267054313e-10,-2.0765309904362976e-10,-1.2196123442502123e-10,-2.370520350477965e-11
5.5,10.0,0.0810277020846482,-0.0418884478425216,-0.0221458369352993,-0.0112247095989847,-0.0041078938940855,-0.001237971378428,-0.0003278793335217,-7.647882467691218e-05,-1.5392911304003428e-05,-2.637211413163598e-06,-3.821686458527833e-07,-4.5024522887247975e-08,-2.169718370632885e-09,2.375690831779097e-09,2.536479702705289e-09,2.1631035456609794e-09,1.5697796861235783e-09,8.476679901545526e-10,-9.301962430502194e-12,-9.841398501740366e-10,-1.998587874084872e-09,-2.975699312497432e-09,-3.849545420930919e-09,-4.527214526378463e-09,-4.8900869781829185e-09,-4.844882293883701e-09,-4.357538129069255e-09,-3.423924490238391e-09,-2.0423975804908096e-09,-3.807005708417313e-10
5.5,8.0,0.0623871508797428,-0.0389522751723043,-0.0181111814101981,-0.0042889178409313,-0.0008198600196883,-0.0001711200951316,-3.611006417790646e-05,-6.571626691019981e-06,-9.79974540497498e-07,-1.1965228033329246e-07,-1.1871997935859454e-08,-7.10410355184704e-10,2.5576057350441256e-10,3.1246540240739635e-10,2.8731741949926154e-10,2.401925683976153e-10,1.7631380550287014e-10,9.432924634400175e-11,-2.54162386890286e-12,-1.0961221464236164e-10,-2.2198480080417943e-10,-3.3193316941368246e-10,-4.28988837832054e-10,-5.02077396319692e-10,-5.412685746419012e-10,-5.374424330348189e-10,-4.833737422381776e-10,-3.774579818823023e-10,-2.2725266643037847e-10,-4.383392109934818e-11
5.5,20.0,0.0582595674129767,-0.0133881398427746,-0.0167373562446308,-0.0137006444278021,-0.0083339551082168,-0.0039596157018817,-0.0015113630832394,-0.0004725956332411,-0.0001229275051664,-2.6934532277532983e-05,-5.019608455444954e-06,-7.955790057327141e-07,-9.983435225891597e-08,-1.4135728124607836e-09,9.664067488183844e-09,9.197127171679186e-09,6.7914460216773285e-09,3.663866779681695e-09,-5.404668097785862e-11,-4.2401140450842015e-09,-8.616845202551914e-09,-1.2865683557456724e-08,-1.6651017716560495e-08,-1.9559629047132694e-08,-2.1125489881252456e-08,-2.0961206988263106e-08,-1.886189812128148e-08,-1.4787957842820574e-08,-8.847311489776244e-09,-1.6432809035809623e-09
4.5,8.0,0.1776533501923888,-0.1052608028831656,-0.0521128308706463,-0.0151928570267688,-0.0038598798846805,-0.0009585009860075,-0.0002181179328318,-4.243863669172144e-05,-6.872629550605723e-06,-9.237867279209446e-07,-1.0251892005271485e-07,-7.983765982702784e-09,1.1767051738895455e-09,1.8457796026775438e-09,1.719063595094491e-09,1.4385357879738039e-09,1.0545351683713603e-09,5.653014377921593e-10,-1.3154563403839716e-11,-6.55183604625412e-10,-1.3292170230492132e-09,-1.9885346875850387e-09,-2.572139694000608e-09,-3.014101572929138e-09,-3.2520787875396406e-09,-3.229973647012858e-09,-2.906119629230052e-09,-2.271107882239569e-09,-1.3642852086865315e-09,-2.5660158889778853e-10
6.0,8.0,0.1603897457160685,-0.1499451707822323,-0.0094167838501431,-0.00081658776712,-0.0001686766483094,-3.5387210403728144e-05,-6.141663487606102e-06,-8.813202390843227e-07,-1.0497163926255333e-07,-1.0377552466808714e-08,-8.31326424324958e-10,-2.832754615636275e-11,3.0626742050935315e-11,3.654028501795415e-11,3.6443320470677836e-11,3.155062707101392e-11,2.389244564885304e-11,1.1818655248151764e-11,-2.1648635030642487e-12,-1.5874124469995676e-11,-2.9423648389616046e-11,-4.19210904812699e-11,-5.153267619063548e-11,-5.6772986797006194e-11,-5.824040728822966e-11,-5.598279962993146e-11,-4.8915536164294806e-11,-3.725100325360186e-11,-2.5310629015479547e-11,-1.281991547004658e-11
7.0,8.0,0.0203775347196369,-0.0086228006083554,-0.0072587181117985,-0.0033116192747508,-0.0009609188806116,-0.0001921723396683,-2.794598015813763e-05,-3.0751028901435053e-06,-2.639611118974851e-07,-1.7901282302709488e-08,-7.349950266515994e-10,2.459256743444092e-10,2.894837428828451e-10,2.7766973060830347e-10,2.5117921853162966e-10,2.09652732828524e-10,1.5370275753135475e-10,8.239997641480336e-11,-1.9049749706123935e-12,-9.545395998954444e-11,-1.9374784354486387e-10,-2.9000231670116006e-10,-3.7523131870746876e-10,-4.3979750200852005e-10,-4.746329105875499e-10,-4.715401295526483e-10,-4.2432227611996206e-10,-3.315412725623165e-10,-1.9904537263000127e-10,-3.698398803710179e-11
4.0,5.0,0.0019960150412071,-0.0009541426617774,-0.0007016345008649,-0.0002664699169945,-6.254491083121433e-05,-9.967648930841967e-06,-1.148121511857989e-06,-1.0001000560491788e-07,-6.806608341758789e-09,-3.579575241949058e-10,1.37933969446184e-13,1.6765520843598286e-11,1.7237178462912594e-11,1.6508749107704804e-11,1.4803762433005528e-11,1.2619967715676409e-11,8.964153632016283e-12,4.892304931973249e-12,3.218230724618909e-14,-5.734393230063906e-12,-1.1627282309271448e-11,-1.712795355475769e-11,-2.2127709284283718e-11,-2.615282059559741e-11,-2.826787055734284e-11,-2.7849300362743555e-11,-2.5008478302028008e-11,-1.983612465916196e-11,-1.1704215405023703e-11,-2.230665160828488e-12
5.5,15.0,0.2678502016217295,-0.2176082773906487,-0.0370482770493924,-0.0097580134093861,-0.0027652514232679,-0.0005726574605823,-8.678265954274285e-05,-9.975868996656502e-06,-8.965767521805408e-07,-6.436751567804022e-08,-3.5447120125157717e-09,8.268644573610194e-11,2.6199826530414206e-10,2.6624105414477605e-10,2.3557369260199256e-10,2.1704641948558474e-10,1.3911801493683872e-10,7.968028288827759e-11,6.4811623333218776e-12,-9.986238368400708e-11,-1.984431334454968e-10,-2.7447977991660693e-10,-3.4948591531319555e-10,-4.2117822151942255e-10,-4.53879687134763e-10,-4.3172325147425416e-10,-3.8305270163086725e-10,-3.1959940347448105e-10,-1.806745353865192e-10,-4.737657326859245e-11
5.0,25.0,0.0091498811485246,-0.0009700911760203,-0.0014927130179674,-0.0016858328156286,-0.0015773223523448,-0.0012765676415554,-0.0009124868693593,-0.000583004196214,-0.000335555865268,-0.0001749516794128,-8.297612193144666e-05,-3.591251589326899e-05,-1.4211789294604524e-05,-5.140319875000548e-06,-1.68837964824911e-06,-4.920898105588251e-07,-1.191156799617915e-07,-2.181172838930585e-08,-1.0412726928166091e-08,-2.449946785238056e-08,-4.5661183868375137e-08,-6.77204194547918e-08,-8.759427030561582e-08,-1.0281249386149765e-07,-1.1106444009488545e-07,-1.1036831970044789e-07,-9.941245689467081e-08,-7.790091231769564e-08,-4.6863470287398774e-08,-8.976063586880236e-09
6.0,5.0,0.088969194716961,-0.0672977368036057,-0.0168954258279229,-0.0036872010703599,-0.000886049018449,-0.0001739083193178,-2.5682885686251264e-05,-2.9095182750094327e-06,-2.599984036172791e-07,-1.854843770210064e-08,-8.28587231264688e-10,2.4591144726502536e-10,2.980332941868852e-10,2.891909019867103e-10,2.5902783730477604e-10,2.2410943528631167e-10,1.562416057717654e-10,8.591067827183111e-11,1.588547803411258e-12,-1.0219307165544508e-10,-2.062135396764533e-10,-3.000738961707426e-10,-3.864181889894345e-10,-4.5805877974326786e-10,-4.946781656535103e-10,-4.841162914660042e-10,-4.33657565850701e-10,-3.471150245830359e-10,-2.0341512363460528e-10,-4.193331481568589e-11
2.0,5.0,0.0684354569676875,-0.043218959830242,-0.0193787111697539,-0.0047513741967397,-0.000914710632585,-0.0001496935500771,-1.9779246179717045e-05,-2.048635464382693e-06,-1.670119903581696e-07,-1.0694693000161438e-08,-3.1937675548377917e-10,2.4636624855958205e-10,2.6953061468387163e-10,2.599601045791098e-10,2.324101413767352e-10,2.0091975368920543e-10,1.4001822648486592e-10,7.710645269173209e-11,1.6231394611161309e-12,-9.145326002089899e-11,-1.8485784929568001e-10,-2.6927201337673433e-10,-3.4708991684000136e-10,-4.118272994735273e-10,-4.4509354438692783e-10,-4.358709077194675e-10,-3.906410220973087e-10,-3.126999198364252e-10,-1.8294704555808526e-10,-3.672798101790729e-11
5.5,10.0,0.2939135372173974,-0.1871641745599214,-0.0771308377622611,-0.0223189764745262,-0.0054948653363741,-0.0013294734917294,-0.0003515091915827,-9.456608802541845e-05,-2.3155426178638364e-05,-4.906381161075743e-06,-8.889458937087122e-07,-1.3601872006917714e-07,-1.530496817098563e-08,1.252813464072625e-09,2.9187722575997597e-09,2.6460882063961403e-09,1.916410456707313e-09,1.039795802867764e-09,-4.437172440679962e-12,-1.2124441565357611e-09,-2.459705787863884e-09,-3.6453248472229804e-09,-4.7119659994287766e-09,-5.55125126251817e-09,-5.996605413160271e-09,-5.9266666574474705e-09,-5.3266113011540605e-09,-4.201844426499256e-09,-2.4974151189223107e-09,-4.753689159290364e-10
8.0,25.0,0.2536193742537517,-0.2300331899030993,-0.0227362682162271,-0.0008339135300486,-1.5819084531096108e-05,-1.8312472991185494e-07,-1.7999869008807943e-09,-4.54892581366097e-10,-4.752810352572984e-10,-5.188065885131222e-10,-5.576105820058668e-10,-5.739558997791986e-10,-5.663231631194632e-10,-5.306175533248536e-10,-4.819311854398013e-10,-3.8571584067890096e-10,-2.9808883973008477e-10,-1.5639167005632568e-10,9.004704761522429e-12,1.7383154657136731e-10,3.5789426025797555e-10,5.545742818197495e-10,7.23722060561294e-10,8.411897591443376e-10,9.097705634206083e-10,9.200311334038463e-10,8.331407776679864e-10,6.353949787386725e-10,3.8885525739996766e-10,5.702054406606155e-11
6.0,15.0,0.0620683772619011,-0.0142966390370259,-0.017847381218542,-0.0145837132094013,-0.0088578021271924,-0.0042056946268624,-0.0016064028828108,-0.0005035571244267,-0.0001315761556516,-2.902415208821784e-05,-5.456801780873988e-06,-8.732714158517222e-07,-1.0975234806720954e-07,-3.478675214681748e-10,1.2046088541769717e-08,1.1349800288346344e-08,8.383062834841651e-09,4.5196364979880495e-09,-7.130459137379653e-11,-5.2298178372503825e-09,-1.0627675517064321e-08,-1.5875181741930707e-08,-2.054652660155797e-08,-2.4129116342948736e-08,-2.6059068555205537e-08,-2.5862445688012944e-08,-2.3273207075489746e-08,-1.8237608949448692e-08,-1.0916108108150731e-08,-2.024825273355633e-09
8.0,8.0,0.1855457051339372,-0.1638769926634987,-0.0157567722561073,-0.004185888167103,-0.0013230225285591,-0.0003259717005698,-6.475103679687253e-05,-1.0653371877121048e-05,-1.464286789646892e-06,-1.6832565939450946e-07,-1.5835713691219703e-08,-7.757089284884661e-10,4.776804317570645e-10,5.443671361303872e-10,5.00369619186872e-10,4.191991909035647e-10,3.078918524286032e-10,1.6416686892802596e-10,-5.512742033051357e-12,-1.9228873228321587e-10,-3.875716444316496e-10,-5.77842458870104e-10,-7.449754341934212e-10,-8.697536158759324e-10,-9.35696964464155e-10,-9.275868887162823e-10,-8.332407281451221e-10,-6.50340766265308e-10,-3.932524756887516e-10,-8.123129582743856e-11
3.5,5.0,0.13008960875786,-0.0988433335291114,-0.0249503900092939,-0.0051051623837659,-0.001005641339723,-0.0001621045601243,-2.068256896788773e-05,-2.1077505772308984e-06,-1.7311079595823534e-07,-1.1353858439822397e-08,-3.6108396254368535e-10,2.58118634228641e-10,2.8539278596331994e-10,2.7738444931173677e-10,2.474818460962877e-10,2.1763862825567927e-10,1.4837017392606803e-10,8.247028746461243e-11,2.9531787254399638e-12,-9.940836365955279e-11,-1.9991392190974827e-10,-2.8714378585830283e-10,-3.6880206709302684e-10,-4.3922364631199185e-10,-4.743082798775942e-10,-4.608821077552268e-10,-4.1187998349028094e-10,-3.33299166624354e-10,-1.93325477147977e-10,-4.214055624097028e-11
5.0,10.0,0.2660640865627314,-0.2071796495517628,-0.0461438451254866,-0.0107295440533175,-0.0017941825895355,-0.000200216538767,-1.5698185510706434e-05,-9.082763105324153e-07,-4.016335894252977e-08,-1.2676153855222672e-09,1.0266362796108403e-10,1.4251463140596747e-10,1.4461212643008008e-10,1.4686396641448942e-10,1.2681971959574076e-10,1.2748633970473429e-10,7.194136555599593e-11,4.4047961849751255e-11,8.042772744389433e-12,-5.893365165632949e-11,-1.1551268038084496e-10,-1.4911786174926728e-10,-1.871592280943544e-10,-2.3218471033612527e-10,-2.5060305324618587e-10,-2.2861715772427967e-10,-1.9993225173631228e-10,-1.7828871729179038e-10,-9.446452681003804e-11,-3.108885683229463e-11
6.0,25.0,0.0892059386572637,-0.0264363598480145,-0.0291686124861612,-0.0197548646207393,-0.0093898367814308,-0.003318475784777,-0.0009037012614652,-0.0001946922657219,-3.388975134885041e-05,-4.849878506481721e-06,-5.776926579018898e-07,-5.6303456437610974e-08,-2.7503526923799995e-09,1.8403573855391318e-09,1.967857407852931e-09,1.6887416897633583e-09,1.208754267645002e-09,6.579220139293894e-10,1.464295682933915e-12,-7.66886205569517e-10,-1.5573795655092147e-09,-2.303805506075471e-09,-2.979096717765686e-09,-3.516647963483119e-09,-3.801680297840958e-09,-3.753922624932367e-09,-3.3739179180738997e-09,-2.668074011178406e-09,-1.5797974335049719e-09,-2.965697305258021e-10
5.0,8.0,0.1192868791060517,-0.06996422180039,-0.0341439229663501,-0.0103250287071355,-0.0033040042455551,-0.0011207380718492,-0.0003306672868485,-7.964109597067526e-05,-1.568434390549434e-05,-2.558247861710859e-06,-3.483370470850538e-07,-3.792548020973759e-08,-1.0708048823829211e-09,2.540398521863421e-09,2.5928166036742956e-09,2.186748261225401e-09,1.6025826876843696e-09,8.601230957131823e-10,-1.8186642512276693e-11,-9.95503069600402e-10,-2.021436352732008e-09,-3.0244338896559522e-09,-3.9135923527545415e-09,-4.5890834180619816e-09,-4.9534522147298856e-09,-4.920124538570744e-09,-4.4276123564900886e-09,-3.4620206849654194e-09,-2.077481741740352e-09,-3.8673088192320046e-10
4.5,5.0,0.2072400507652499,-0.1827122478986684,-0.022329370245995,-0.0020642431264984,-0.0001288336258179,-5.208757665869824e-06,-1.4413805896827154e-07,-2.8848532712319593e-09,-2.3407416334344795e-11,1.7926915688834774e-11,1.0626435322447612e-11,8.397364406164528e-12,1.0695255814922772e-11,1.7327576611913908e-11,1.3132303317754302e-11,2.5086095598664597e-11,4.985230119275872e-12,5.757811781173468e-12,4.931828558123304e-12,-1.2529212009413353e-11,-2.1820263829104588e-11,-1.678639602982618e-11,-1.7017740278556148e-11,-2.678153482349552e-11,-2.783602922099406e-11,-1.4005735489968214e-11,-8.339091814327918e-12,-2.0260860451397115e-11,-5.224285974784528e-12,-1.252917474469411e-11
6.0,10.0,0.1457025044277636,-0.0855133044992848,-0.0465120808878283,-0.0117823252520907,-0.0017210661165663,-0.0001625059063221,-1.0685841716065197e-05,-5.159124190595237e-07,-1.8928842127731933e-08,-4.3606230715158634e-10,1.0685296834238402e-10,1.2147955973459818e-10,1.2137416144894626e-10,1.2036598559559307e-10,1.0329469565732927e-10,1.0075739567585023e-10,5.868639078093663e-11,3.5684206358124775e-11,6.194273248135393e-12,-4.5904335334498785e-11,-9.142682736677659e-11,-1.2124061929150412e-10,-1.5400745551382472e-10,-1.9081540104389286e-10,-2.0714199624341784e-10,-1.9250899755589647e-10,-1.6987001606535775e-10,-1.4829202662496016e-10,-7.917180145898017e-11,-2.0795695253129638e-11
5.5,25.0,0.2393374449704257,-0.2195633362848683,-0.0191476818831417,-0.0006160939636776,-1.0229406626823994e-05,-1.036311131720841e-07,-1.033791769706397e-09,-3.95372170200904e-10,-4.1515030354354455e-10,-4.5359561543731134e-10,-4.884171553175575e-10,-5.0295864680347e-10,-4.960283538066871e-10,-4.6411814883262004e-10,-4.21547630812145e-10,-3.3639261423742776e-10,-2.608807730185868e-10,-1.3669828024134268e-10,8.144207756912922e-12,1.5146120189349868e-10,3.12222363845547e-10,4.850054804181917e-10,6.33375087795288e-10,7.358673766592147e-10,7.960572708507776e-10,8.06029626274129e-10,7.302471816093015e-10,5.560589914270038e-10,3.4064470365933233e-10,4.8840159955523233e-11
2.0,20.0,0.1107051446808502,-0.0331515435276405,-0.0363557021916259,-0.0243984960628918,-0.011461743296569,-0.0039948546101421,-0.0010710191726825,-0.0002268381267772,-3.877205898610877e-05,-5.44143269445287e-06,-6.330293706960038e-07,-5.790356128797618e-08,-7.517637308713748e-11,4.646933901763407e-09,4.511847660502259e-09,3.819391386118381e-09,2.762213019072869e-09,1.4940150778923115e-09,-1.2110118210924131e-11,-1.7351121099947e-09,-3.524427738938924e-09,-5.241653555891671e-09,-6.781143415240746e-09,-7.981466053395213e-09,-8.623351036625754e-09,-8.538763069926668e-09,-7.679293519472541e-09,-6.041566590841133e-09,-3.598213766513656e-09,-6.697880815119611e-10
5.0,5.0,0.092707724609994,-0.0630129385851106,-0.0239903744524162,-0.0049008744819779,-0.0007150263404136,-8.081898462614635e-05,-7.162910908534797e-06,-4.993919281519799e-07,-2.7515355537989214e-08,-1.0812162012835084e-09,1.1152684848514915e-10,1.5807209354082856e-10,1.5868363168488748e-10,1.5426034287705032e-10,1.3664303291663546e-10,1.2240722996118836e-10,8.116282744804939e-11,4.5820677976585845e-11,2.7759126632463984e-12,-5.587344145788955e-11,-1.1218812997276515e-10,-1.5886955653698856e-10,-2.0369171531918838e-10,-2.44308725946542e-10,-2.641039628373127e-10,-2.5465821264577024e-10,-2.2710586835640674e-10,-1.8624142059964087e-10,-1.0643348049815096e-10,-2.3896318782024177e-11
3.0,10.0,0.2127777562455397,-0.1501873740292592,-0.0416382719181223,-0.0138167968129448,-0.004820645922379,-0.0016575332756753,-0.0004970606808801,-0.0001263624298621,-2.750162205177724e-05,-5.186822097580628e-06,-8.522422030200428e-07,-1.196684265609238e-07,-1.1293764244548936e-08,2.614795906557116e-09,3.802547548584003e-09,3.338198391231264e-09,2.426801761828891e-09,1.311592843567205e-09,-1.33082870411036e-11,-1.5246505485848802e-09,-3.094785831178264e-09,-4.603113809676666e-09,-5.952982248841589e-09,-7.002023423515379e-09,-7.562340160422181e-09,-7.48832844293714e-09,-6.733663909081398e-09,-5.294758204129081e-09,-3.157449868441279e-09,-5.942120085468654e-10
8.0,15.0,0.2298562140658842,-0.1223207778463239,-0.0660519274266324,-0.0251539034979305,-0.0100835460747591,-0.0040254746463365,-0.0014850360404297,-0.0005084687509261,-0.0001623923700898,-4.782803123179697e-05,-1.2802973403166069e-05,-3.0814282732496183e-06,-6.560207651380358e-07,-1.1410854357919777e-07,-6.775794511461567e-09,1.0283153733856012e-08,9.707824766059346e-09,5.454909317073333e-09,-9.018007298266664e-11,-6.393315977538949e-09,-1.2991936516980861e-08,-1.9400683257011463e-08,-2.5108614480710847e-08,-2.949152620436384e-08,-3.185131239670334e-08,-3.160621234836465e-08,-2.844260769591632e-08,-2.2299217201611017e-08,-1.3349929237681582e-08,-2.4937731199209422e-09
3.5,10.0,0.0109551006552208,-0.0051063970625339,-0.0037114220847651,-0.0014879438506217,-0.00045298619595,-0.0001363299403747,-4.303642963086713e-05,-1.2785145708430382e-05,-3.305778193452918e-06,-7.285428377366297e-07,-1.3689001585422638e-07,-2.1811443833982947e-08,-2.668363251446508e-09,6.282918631024819e-11,3.636391159426712e-10,3.3674830891161247e-10,2.470582284981254e-10,1.334771148462258e-10,-1.5861463198610536e-12,-1.5478100209121078e-10,-3.144208115138208e-10,-4.68539065437249e-10,-6.06216170797371e-10,-7.12699684327376e-10,-7.698127396472436e-10,-7.63037450504761e-10,-6.863966838055557e-10,-5.390093760699928e-10,-3.218418826086992e-10,-6.000705472123575e-11
5.0,15.0,0.3534227322685101,-0.2726525421696589,-0.0702926351256851,-0.0086237454482205,-0.0013144920118066,-0.0003874173154125,-0.0001162639027595,-2.8710910031833352e-05,-5.7977459607595965e-06,-9.706129046317674e-07,-1.3629249126710866e-07,-1.596359826457261e-08,-1.279425366484792e-09,2.4834759842015936e-10,3.417464336608393e-10,3.20613995753545e-10,2.09702804558504e-10,1.1918760769098974e-10,8.299841758310296e-12,-1.4737804520283194e-10,-2.9401450475428725e-10,-4.1116682470468376e-10,-5.249715055969533e-10,-6.305948629823551e-10,-6.80006719510606e-10,-6.5098312630214e-10,-5.78992751171827e-10,-4.788799222713402e-10,-2.7301812248992113e-10,-6.838565847876711e-11
8.0,5.0,0.1324787644506515,-0.1207027241177344,-0.0096625387447851,-0.0018087332894731,-0.0002751545493561,-2.7579327093799205e-05,-1.9308135520571195e-06,-9.93979823328014e-08,-3.866914190698012e-09,-6.984906573633075e-11,4.573906381392302e-11,4.826311143014121e-11,4.950934987039249e-11,5.1818562054868026e-11,4.535211842355257e-11,4.683719596878809e-11,2.5857487003924383e-11,1.5789409318165603e-11,2.796462480528507e-12,-2.2065918347993737e-11,-4.242636462708381e-11,-5.3382321685779686e-11,-6.6010871597317e-11,-8.160688522103373e-11,-8.731391884481978e-11,-7.803541314137304e-11,-6.747166593065085e-11,-6.141320966254857e-11,-3.254434998726411e-11,-1.3590289638572796e-11
2.0,20.0,0.0409876615150908,-0.0122673242254794,-0.0133549180895559,-0.0089449755561751,-0.004265517173106,-0.0015565343173984,-0.0004571718756603,-0.0001123056746042,-2.370701167379737e-05,-4.368513712922848e-06,-7.06219678205279e-07,-9.860044316369924e-08,-1.0012801306405473e-08,1.2374448920182722e-09,2.26303453528817e-09,2.008549912185066e-09,1.4648347327976102e-09,7.914114294274291e-10,-8.565986090676573e-12,-9.177094593956527e-10,-1.8644819959286513e-09,-2.7774387227027423e-09,-3.593776570034369e-09,-4.2264385667292664e-09,-4.565697935072718e-09,-4.524759452585878e-09,-4.070278147904693e-09,-3.197668578467081e-09,-1.9080913657121127e-09,-3.5499244957714857e-10
6.0,5.0,0.0179191091430274,-0.0164783740551038,-0.0011289351069608,-0.0002496221235239,-5.325129969324805e-05,-7.966763384381893e-06,-8.795013679506309e-07,-7.488374419982519e-08,-5.0604465811036086e-09,-2.6643759947269037e-10,1.3969985255206064e-13,1.2469282734230758e-11,1.3048708561417759e-11,1.3079758516656496e-11,1.1620018068377076e-11,1.092418204284568e-11,6.8506548146876395e-12,3.937259861306568e-12,3.4361310503265334e-13,-5.071915799323462e-12,-9.976343165331418e-12,-1.3553486362458992e-11,-1.7122005382525036e-11,-2.065077254969459e-11,-2.2186428511028227e-11,-2.0854798600163907e-11,-1.839258427150485e-11,-1.555890646284784e-11,-8.747123403780702e-12,-2.646195373737875e-12
8.0,20.0,0.0201790898690029,-0.0058410159216279,-0.0065318436238201,-0.0045139728275507,-0.0022020321573508,-0.0008025626434578,-0.0002262826838061,-5.063450188427145e-05,-9.177922454453845e-06,-1.3701782136558115e-06,-1.701607815447525e-07,-1.6923497384792495e-08,-4.4119126654681803e-10,1.018826707618947e-09,1.0251088336991802e-09,8.692293877054866e-10,6.298581412059702e-10,3.4036274937797693e-10,-3.27980313984268e-12,-3.9498603039496224e-10,-8.023841948882564e-10,-1.1943798767787255e-09,-1.5453079291052931e-09,-1.8180292340789207e-09,-1.964084305348745e-09,-1.9457058634869526e-09,-1.7500669961038031e-09,-1.375743748690924e-09,-8.20153316134481e-10,-1.5250987896707696e-10
6.0,20.0,0.2120749480777665,-0.1981238164178464,-0.0136051238991039,-0.0003415640689764,-4.409241675578634e-06,-3.4713524609335534e-08,-3.442835781711543e-10,-1.9804117148079486e-10,-2.0103911692680887e-10,-2.212461378663768e-10,-2.426746860258236e-10,-2.513184000894667e-10,-2.4653778719941547e-10,-2.2743431799929256e-10,-2.0719487316269609e-10,-1.5960028473524159e-10,-1.2923930921273888e-10,-6.669191403814891e-11,5.761899532305045e-12,7.126976402850401e-11,1.4868411561397988e-10,2.377650106479817e-10,3.126819708440917e-10,3.610425547553647e-10,3.9136243943431216e-10,4.019284815039027e-10,3.6601578942687717e-10,2.734575367522187e-10,1.6988871047310371e-10,1.8873157013430475e-11
6.0,5.0,0.1090598245398526,-0.0617838309938001,-0.0355236644966382,-0.0099057013689748,-0.0016492718968727,-0.0001822062660884,-1.4277894739363257e-05,-8.317107216645279e-07,-3.7048984028514654e-08,-9.93643051594753e-10,3.1306294317373797e-10,3.5836160610657126e-10,3.5668104389602036e-10,3.433814960508957e-10,3.057803243492485e-10,2.6678681626689886e-10,1.833383961747357e-10,1.01767043489784e-10,3.446005114095976e-12,-1.2136415929529773e-10,-2.451853403044117e-10,-3.5466109556358344e-10,-4.5684024824654277e-10,-5.440481775174111e-10,-5.88385829157838e-10,-5.740633285286603e-10,-5.140119040058514e-10,-4.1417659072344815e-10,-2.404584724948465e-10,-4.8776209573649904e-11
5.5,15.0,0.0636258846746097,-0.0256365176891046,-0.0217500578228181,-0.0106091268739492,-0.0038275805122498,-0.0012423189863261,-0.0003974209537368,-0.0001206749401454,-3.2659730650896204e-05,-7.64721639447268e-06,-1.5394085609324227e-06,-2.653001261587952e-07,-3.6969001531680585e-08,-1.6790703865240102e-09,2.7657898265512347e-09,2.792576750135235e-09,2.0735390616736976e-09,1.1208469912736575e-09,-1.4902068661585632e-11,-1.2986498766105163e-09,-2.6385962085988e-09,-3.935795683378842e-09,-5.0930825210262325e-09,-5.985223017491953e-09,-6.4645711476849565e-09,-6.411036271435623e-09,-5.768125269319335e-09,-4.525968814123794e-09,-2.705337699649489e-09,-5.038396022985767e-10
6.0,10.0,0.0469842761414746,-0.0172714355966621,-0.0160214592667792,-0.0087456355315569,-0.0034351446367939,-0.0011016848023337,-0.0003101851539945,-7.777989296499501e-05,-1.7088450590804136e-05,-3.23686729079817e-06,-5.240860485118244e-07,-7.076550673359588e-08,-5.963323869395789e-09,1.892232050613785e-09,2.4698175753456222e-09,2.139934873496808e-09,1.559126256793629e-09,8.412217110976961e-10,-1.0619460212667452e-11,-9.753962877882284e-10,-1.981430957092448e-09,-2.953737955780257e-09,-3.821932281996641e-09,-4.492646116731682e-09,-4.852652332182107e-09,-4.810872505555369e-09,-4.327832408587264e-09,-3.397251171635672e-09,-2.0286860830027767e-09,-3.7671262703048676e-10
4.5,10.0,0.1480553223586505,-0.1425786930920398,-0.0054023965305059,-7.37163766798985e-05,-5.142204732404683e-07,-2.1912159608847363e-09,-2.5416145503772e-11,-3.0829314080373576e-11,-2.1300581869814244e-11,-2.5842635947941483e-11,-3.4142158612819144e-11,-3.695209254935398e-11,-3.468539729313936e-11,-2.7795341374877232e-11,-2.606450820511e-11,-1.2612193019719614e-11,-1.758396130013414e-11,-7.679022183122144e-12,3.025820774149059e-12,4.767832718369615e-12,1.2483722905528606e-11,2.9132261005259783e-11,4.121370849965195e-11,4.4674009294056446e-11,4.946294165415871e-11,5.815784221352596e-11,5.53408744093365e-11,3.468849905839389e-11,2.4654694993999198e-11,-4.315396792623974e-12
6.0,5.0,0.0159926785555465,-0.0119707694014873,-0.0030789863573497,-0.0007457577686736,-0.0001647722612379,-2.8196591839450084e-05,-3.7586100002285504e-06,-4.002062517990143e-07,-3.4545582373099944e-08,-2.406594249085783e-09,-9.557195858972007e-11,4.271851450715297e-11,4.92601243249932e-11,4.775211953843749e-11,4.272638145236901e-11,3.7089635681506223e-11,2.573577750084552e-11,1.4185484570819588e-11,3.179824692800132e-13,-1.6914934726381318e-11,-3.4114790775463786e-11,-4.951319715031931e-11,-6.373275001393941e-11,-7.563038057989829e-11,-8.168285045616529e-11,-7.982613273224317e-11,-7.147537005431652e-11,-5.7341421133500274e-11,-3.352450918586721e-11,-6.9712699327771295e-12
3.5,5.0,0.0946566308377383,-0.0848181612333618,-0.0074083221141083,-0.0019937020152103,-0.000382997385335,-4.87576256671041e-05,-4.382667362629806e-06,-2.91925265022266e-07,-1.4882585237804457e-08,-5.239474792437983e-10,6.337161633166559e-11,8.365533622124659e-11,8.457563600500069e-11,8.392070183574037e-11,7.457581565581133e-11,6.897816727656282e-11,4.412448132649935e-11,2.5166909031909456e-11,1.9050386211426098e-12,-3.1888525433002045e-11,-6.308392238582942e-11,-8.688559665909666e-11,-1.1025281351051716e-10,-1.3261204712731888e-10,-1.4269820865990578e-10,-1.3528844717707248e-10,-1.1974463213926015e-10,-1.00170700825195e-10,-5.6718363502801365e-11,-1.5813137452572824e-11
8.0,8.0,0.2314836310466667,-0.1831936629649748,-0.0397940186375299,-0.0075292010900944,-0.0008945374319404,-6.844477146847375e-05,-3.6216947437288592e-06,-1.3998606567527845e-07,-4.048806047234845e-09,-1.8727532219048945e-11,7.044218681914989e-11,7.144819496001119e-11,7.357119743377249e-11,7.494258196351021e-11,7.187769931560429e-11,6.090903082929316e-11,4.60544219512081e-11,2.334731916463419e-11,-3.072351368207645e-12,-2.9575031015548085e-11,-5.667487879008388e-11,-8.274136300858056e-11,-1.0386542546439458e-10,-1.1700061662409268e-10,-1.2254668487045928e-10,-1.1988436059481874e-10,-1.062096923002554e-10,-8.130972079645549e-11,-5.2699217756147877e-11,-1.944403496261955e-11
3.0,15.0,0.0753422179038206,-0.0204053499752474,-0.0231477473909916,-0.0166675023727141,-0.0089383977852077,-0.003917389841137,-0.0015037953865873,-0.0005264442570753,-0.0001693245767402,-4.944538502895365e-05,-1.292532710677018e-05,-2.9928017988800807e-06,-6.026871242884893e-07,-9.534928283487773e-08,-1.4596271988088347e-09,1.17666109610529e-08,1.024450319468842e-08,5.668765810778035e-09,-9.51020506397393e-11,-6.601270624663189e-09,-1.3417438989129652e-08,-2.0050748928520807e-08,-2.5952899612510894e-08,-3.0474203120214106e-08,-3.2912064462092774e-08,-3.2671155527734833e-08,-2.9403970568544952e-08,-2.3038423257402447e-08,-1.3800254005897284e-08,-2.5694495656884877e-09
5.5,5.0,0.0482379060597089,-0.0278648375948385,-0.0151122421633961,-0.0042794914368754,-0.0008373637124821,-0.0001270903347276,-1.5303786396359597e-05,-1.4585874275662935e-06,-1.103757415751872e-07,-6.534774087512405e-09,-1.1020656440277896e-10,2.18352167166398e-10,2.3012473829906951e-10,2.2129483929344023e-10,1.9792292583953952e-10,1.7047340688890894e-10,1.1936659002498732e-10,6.560123472213825e-11,1.169276009773309e-12,-7.753884689524174e-11,-1.56903697308791e-10,-2.2924591403930363e-10,-2.9572007403782337e-10,-3.5059188781967006e-10,-3.7897560366976845e-10,-3.7173672377397057e-10,-3.33360813231012e-10,-2.662292464352878e-10,-1.5604592164176207e-10,-3.0759993291217415e-11
4.5,10.0,0.1716092934864589,-0.1304391858461165,-0.0360433187870767,-0.0047506102226096,-0.0003581722503032,-1.7405110281130734e-05,-5.866934092978496e-07,-1.4500807898473028e-08,-3.1628887280690406e-10,-5.589465472317358e-11,-6.094437965463009e-11,-6.410089533981759e-11,-6.206215180981439e-11,-5.344229036336685e-11,-5.1869403021332706e-11,-2.994886464016674e-11,-3.5144022600443016e-11,-1.5517939888003643e-11,5.847949928029964e-12,1.3033651051487759e-11,2.9097155475117678e-11,5.825508238846292e-11,7.904671971655856e-11,8.493310260659184e-11,9.177729210676708e-11,1.0376690464901651e-10,9.699964312096958e-11,6.226369119357739e-11,4.496581201434295e-11,-3.4308557615057443e-13
5.0,15.0,0.098556899220646,-0.0447544324979421,-0.034185316587895,-0.0141896799110766,-0.0040264039331312,-0.0009824974484351,-0.0002743327676865,-9.46938391560736e-05,-3.3975144917184046e-05,-1.1191110908378435e-05,-3.265992042702643e-06,-8.398324112957038e-07,-1.891089849704901e-07,-3.55278485032274e-08,-3.695364541621289e-09,1.7610816563668067e-09,1.9648742976905496e-09,1.1314940764007847e-09,-1.6495736860403177e-11,-1.336691374912985e-09,-2.7160056420327877e-09,-4.049916389440539e-09,-5.24076420780965e-09,-6.160225462430357e-09,-6.654046830745841e-09,-6.597935382262376e-09,-5.9366275276786065e-09,-4.66102517912255e-09,-2.786802244989265e-09,-5.233125985142652e-10
4.5,8.0,0.0633576249829312,-0.0516291488090696,-0.0056324478187817,-0.0035534187901532,-0.0017117895724862,-0.0006149519328951,-0.0001705856628896,-3.7497996599712766e-05,-6.668375424334471e-06,-9.752905858499428e-07,-1.1805234332181021e-07,-1.0875630394971636e-08,3.9719659928152967e-10,1.341941658193725e-09,1.284005117501192e-09,1.0771683765749536e-09,7.88982535873198e-10,4.2334009551726154e-10,-9.150375224243632e-12,-4.90344721689331e-10,-9.95292850644599e-10,-1.4887319460455211e-09,-1.926040139550227e-09,-2.258121447997103e-09,-2.437047642730829e-09,-2.420290971481566e-09,-2.177783310297259e-09,-1.7028233985482471e-09,-1.022026290639105e-09,-1.9114858040178439e-10
3.5,15.0,0.3189991594425191,-0.2180223106788667,-0.0770998526651778,-0.0176889919811144,-0.0043602676081222,-0.0012921400152741,-0.0003949609813062,-0.0001086296376814,-2.569863636730336e-05,-5.214469034474672e-06,-9.129229662077692e-07,-1.3718972653031556e-07,-1.5854667319840562e-08,6.277985168373137e-10,2.343671420598308e-09,2.1632962878218262e-09,1.566787570055642e-09,8.510244428569081e-10,-2.5515377417842024e-12,-9.934873650529648e-10,-2.0143980088509804e-09,-2.981673890334352e-09,-3.8528923329598604e-09,-4.540219942844464e-09,-4.903538805437917e-09,-4.843268444671322e-09,-4.352077480267796e-09,-3.435959186031603e-09,-2.041640426690489e-09,-3.9309541120569127e-10
4.0,8.0,0.0232748697702808,-0.0153458062920073,-0.0065612001880667,-0.0012302044942479,-0.0001287148841132,-8.54058834778259e-06,-3.8998656954894793e-07,-1.2968312939254132e-08,-3.1849804646234646e-10,3.5754787218227065e-12,9.819862829474678e-12,9.959445139060973e-12,1.0099271421952847e-11,1.0011149489889928e-11,9.411960397568548e-12,7.884898543063029e-12,5.946940569391799e-12,3.0629638859892224e-12,-3.0383614678381055e-13,-3.741682246874085e-12,-7.322430847976375e-12,-1.0838510109574167e-11,-1.3769825392719537e-11,-1.5712064212813324e-11,-1.6644084609390874e-11,-1.6425196451760085e-11,-1.4653599269861286e-11,-1.1259071448310668e-11,-7.114977518094086e-12,-2.103710989656131e-12
4.0,8.0,0.0748670293640838,-0.047548746391591,-0.0181937563433719,-0.006651007188056,-0.00188882591717,-0.0004611794275206,-0.0001000498215577,-1.948439104310748e-05,-3.3829282784982914e-06,-5.151112245899733e-07,-6.734279255154546e-08,-6.843298066840981e-09,1.8602397708663216e-10,8.48557012879351e-10,8.22985838251939e-10,6.91268519205284e-10,5.068015646321386e-10,2.717292362946431e-10,-6.2487825675791545e-12,-3.1492547204543914e-10,-6.389536709321797e-10,-9.55839327108203e-10,-1.236398154292276e-09,-1.4489754682503463e-09,-1.563446865613347e-09,-1.552783670633673e-09,-1.3971068295342842e-09,-1.0919423268673495e-09,-6.558408246138585e-10,-1.2324930417385437e-10
6.0,15.0,0.253234261326558,-0.2143802244421706,-0.027465580347182,-0.006984590449775,-0.0030120666838528,-0.0010429768993016,-0.0002785075048053,-5.873627602117455e-05,-9.993727686970936e-06,-1.3955686130488776e-06,-1.6119739920763e-07,-1.4292631497984192e-08,4.006713775403679e-10,1.582295304493524e-09,1.506790398135658e-09,1.284255375969404e-09,9.198826424018846e-10,4.992145329015635e-10,-1.480790421810965e-12,-5.850083276099294e-10,-1.184250792654384e-09,-1.749180174037478e-09,-2.258305165796996e-09,-2.660977288751863e-09,-2.87239719881054e-09,-2.833780882808229e-09,-2.5448938363616316e-09,-2.011091235359226e-09,-1.194464389209655e-09,-2.343990845849518e-10
3.0,20.0,0.1976037790809014,-0.1761630071275278,-0.0162129774571163,-0.0033663420856182,-0.0011049151460744,-0.0004157785604147,-0.0001884424803365,-8.84651984932631e-05,-3.900171345478573e-05,-1.584236949079565e-05,-5.948257019391608e-06,-2.071440940711776e-06,-6.680929231596673e-07,-1.9769392129094735e-07,-5.2067957406905135e-08,-1.0871678223122373e-08,-7.889228942551054e-10,6.809066655282823e-10,-1.7227232421183828e-10,-1.6948801480891175e-09,-3.3910884558095637e-09,-5.051975309909342e-09,-6.535662915362048e-09,-7.678622151614736e-09,-8.292770555496495e-09,-8.22470057651125e-09,-7.401522375009573e-09,-5.811292198311993e-09,-3.4832247454140207e-09,-6.691937980587472e-10
4.5,5.0,0.0894926698499153,-0.0847832102737151,-0.0041546147264754,-0.0004831675280419,-6.392656041215829e-05,-7.103302468655056e-06,-6.061685059785001e-07,-3.9215132966531846e-08,-1.9488823833065592e-09,-6.552085886372782e-11,6.293645424127982e-12,7.767229326946285e-12,8.91534306619175e-12,1.1660382206006945e-11,9.823544162125807e-12,1.3914095103790872e-11,4.919653255900498e-12,3.778772319820056e-12,1.777467447542569e-12,-6.895593283330727e-12,-1.2334179391360905e-11,-1.1964386716796195e-11,-1.3373953620836138e-11,-1.810415108438455e-11,-1.8868452629496217e-11,-1.3143701315302759e-11,-9.995913622485844e-12,-1.3225623412473266e-11,-5.4116015564726586e-12,-6.280627930330059e-12
5.0,10.0,0.080946838979335,-0.0542878257137486,-0.0190949431556978,-0.0055528678733222,-0.0014142925783637,-0.0004227993482817,-0.0001298891909692,-3.4749393938937056e-05,-7.755590118587254e-06,-1.446701004680426e-06,-2.2718614728805138e-07,-2.9539705446835106e-08,-2.348756176043564e-09,8.123814763179833e-10,1.0254704180212187e-09,8.901354296746791e-10,6.435974661179209e-10,3.484179199518757e-10,-2.4480200281195613e-12,-4.0572068065021525e-10,-8.232517536121886e-10,-1.2220389571944788e-09,-1.579930672319132e-09,-1.8599325614528166e-09,-2.008931489332381e-09,-1.987177942783812e-09,-1.7863755177210021e-09,-1.4070933070424147e-09,-8.376009767679626e-10,-1.586894225007003e-10
3.5,8.0,0.1710073987828624,-0.1532007506288495,-0.0154801597820377,-0.0019290636075273,-0.0003106828850807,-6.630698483504477e-05,-1.6102680533921102e-05,-3.5571325103814263e-06,-6.585355589571855e-07,-1.012132299919683e-07,-1.2947599545998233e-08,-1.3027874001066035e-09,-4.964772786794251e-12,1.1644504697131029e-10,1.1765623008211395e-10,9.992092802187211e-11,7.407079302456276e-11,3.8724387629315497e-11,-2.776162506164477e-12,-4.699880069175615e-11,-9.261803591035615e-11,-1.3653316534683756e-10,-1.73958750349306e-10,-2.0025731734414406e-10,-2.1309223497062068e-10,-2.0984455641349176e-10,-1.8738332052308124e-10,-1.4544143021813715e-10,-9.030205871326967e-11,-2.494707315507951e-11
8.0,25.0,0.0045363534626651,-0.0004837779215914,-0.0007436816409284,-0.000838617750207,-0.0007830228487046,-0.0006320817079811,-0.0004504109211979,-0.0002867423356495,-0.0001643675196871,-8.531044728095105e-05,-4.026065038692138e-05,-1.733144844527559e-05,-6.8189515342405065e-06,-2.4509405544534714e-06,-7.993985731693979e-07,-2.3094074384988805e-07,-5.507531297994804e-08,-9.736625386762428e-09,-4.799060309284773e-09,-1.1782074441150869e-08,-2.2059595377929048e-08,-3.273536678231452e-08,-4.234555106060179e-08,-4.970294471156694e-08,-5.369201339263389e-08,-5.3355013770693664e-08,-4.805812210757831e-08,-3.765838651276543e-08,-2.2653298163063828e-08,-4.3369574991090155e-09
6.0,5.0,0.0246864751689047,-0.0152791393008476,-0.0075064494492473,-0.0016714070928981,-0.0002113566624178,-1.712144696398504e-05,-9.604322962894282e-07,-3.938654231941793e-08,-1.197134280604459e-09,8.036363220836277e-12,3.910851912610629e-11,4.047780659731036e-11,4.028112465635968e-11,3.917272950625789e-11,3.455370664496174e-11,3.1192174849280874e-11,2.0423278609534886e-11,1.1621998137826053e-11,8.503093386143548e-13,-1.4217462747407806e-11,-2.8557660505056167e-11,-4.0213543608632935e-11,-5.1550465976459445e-11,-6.206020289072592e-11,-6.715210252350916e-11,-6.455783978004877e-11,-5.753873862288615e-11,-4.746284915097715e-11,-2.6920213297238686e-11,-6.030336506345302e-12
7.0,5.0,0.0476831534562619,-0.0453803352323037,-0.0021985882456822,-0.0001015465641169,-2.64083555561752e-06,-4.212538404315753e-08,-4.528336483587266e-10,-6.629291056605436e-12,5.973797743601891e-13,-2.271537140883928e-13,-2.4387033239166115e-12,-3.126577882926695e-12,-2.4820896083440327e-12,-6.810236428056093e-13,-9.619856765553608e-13,2.1901827179206085e-12,-1.1446146919289534e-12,-2.6768861031899568e-14,9.585395957012607e-13,-1.301400954583905e-12,-1.750543200993655e-12,7.899161514879909e-13,2.146275030655184e-12,1.2790833264849919e-12,1.7561642947868613e-12,4.6863089782064896e-12,5.187019070463649e-12,1.2322068133013577e-12,2.033727478143838e-12,-2.449086608381956e-12
7.0,5.0,0.0071373023358881,-0.0071284345848884,-8.863851329436301e-06,-3.899007821435876e-09,-1.004746984162316e-12,-1.68789971473278e-13,-6.669588859891224e-14,-5.20234035096527e-13,6.883451000627701e-14,-6.67245189238408e-14,-4.1705481460681213e-13,-5.267977757668473e-13,-4.225920576024509e-13,-1.4581842026448972e-13,-1.621075113274264e-13,2.906959261780907e-13,-1.6934634891479176e-13,-1.395701414462582e-14,1.2514841860685082e-13,-1.8266345625175498e-13,-2.313367098693822e-13,1.437445611730975e-13,3.5874362866390814e-13,2.655583046610062e-13,3.549883803450588e-13,7.763442356313953e-13,8.433776883628055e-13,2.6678926903455013e-13,3.270546700332165e-13,-3.7865618881290173e-13
4.0,25.0,0.0818436332273052,-0.0215137675781641,-0.0247117657379493,-0.0180305505739914,-0.0097879755623823,-0.0044109897380017,-0.0018646705187512,-0.0008223788571934,-0.0003853672093099,-0.0001813771602424,-8.119148577631084e-05,-3.3663289270769826e-05,-1.2810223277993314e-05,-4.454971581869876e-06,-1.4024348942697818e-06,-3.8706812838863044e-07,-8.46655898545669e-08,-1.1597067126834142e-08,-7.595818955551515e-09,-2.3673853891465063e-08,-4.5233633595982896e-08,-6.725609635250943e-08,-8.702205142819144e-08,-1.0216126549947773e-07,-1.1036013075018709e-07,-1.0964118344735384e-07,-9.874387480742289e-08,-7.738993462848069e-08,-4.6518388194512935e-08,-8.877686925880039e-09
5.5,8.0,0.3302755190229553,-0.221799869861764,-0.0837358592659626,-0.019632343303496,-0.0040818035488839,-0.0008380523576047,-0.0001578344368779,-2.5735612571979493e-05,-3.5559237726286725e-06,-4.12800975509173e-07,-3.922691643231431e-08,-1.9016494861064703e-09,1.238143386689721e-09,1.4005175645032483e-09,1.283245541862196e-09,1.0727680328669283e-09,7.877673079658251e-10,4.2111116374263664e-10,-1.2014009739110264e-11,-4.900661936840471e-10,-9.915565953056268e-10,-1.4820478895205702e-09,-1.914517706602453e-09,-2.2394655537378904e-09,-2.413272497527483e-09,-2.395653501413036e-09,-2.1541649631518548e-09,-1.6817342154982427e-09,-1.0134780560302444e-09,-1.9802719367280047e-10
3.0,5.0,0.1244967284061244,-0.1184073789441308,-0.0054021257822554,-0.0005489682847631,-0.0001160504893989,-1.94754731438795e-05,-2.4644577042148107e-06,-2.440622992827203e-07,-1.944041690147085e-08,-1.246868868416249e-09,-4.4026396685003616e-11,2.165219721279564e-11,2.616085331816137e-11,2.9453804914083036e-11,2.5642299569140603e-11,2.935184574997582e-11,1.4175127324046156e-11,9.186152352823392e-12,2.381077244382076e-12,-1.4142280201135155e-11,-2.6393015067591e-11,-3.046759823509899e-11,-3.64890044477124e-11,-4.614264225161248e-11,-4.8863611698901356e-11,-4.075249729673161e-11,-3.412263704890803e-11,-3.419341698521252e-11,-1.7015326232771374e-11,-1.0508019364417857e-11
3.0,15.0,0.1243326255515575,-0.0493083578622339,-0.0417728438016561,-0.0212438232103132,-0.0081756718158733,-0.0026902072512138,-0.0008128264682248,-0.0002363668664148,-6.750380330783142e-05,-1.8671586307405493e-05,-4.843463947077013e-06,-1.1429514346234911e-06,-2.3742501971396882e-07,-3.87181079535082e-08,-4.4477294222463967e-10,5.180715272429767e-09,4.5083814549038515e-09,2.502600628845502e-09,-3.6552839245879744e-11,-2.921658567945602e-09,-5.936827281319301e-09,-8.858753472172194e-09,-1.1464375141771487e-08,-1.3470872930153117e-08,-1.4549814378862332e-08,-1.4432178762210562e-08,-1.2986087526093054e-08,-1.0187580560373753e-08,-6.092813245707918e-09,-1.136551183834782e-09
2.0,5.0,0.0655009433932753,-0.0523011051958529,-0.0110494914893655,-0.0017188838519065,-0.0003535470583788,-6.707117845020571e-05,-9.683215158063214e-06,-1.0631980577066365e-06,-9.10929851985855e-08,-6.152813495898256e-09,-2.3877100297168606e-10,9.835071498922523e-11,1.1376552258552211e-10,1.1121324799460752e-10,9.915469931652222e-11,8.79959242561692e-11,5.930513183892892e-11,3.3118181333390946e-11,1.4282097225048804e-12,-4.027698102983961e-11,-8.076019105936058e-11,-1.1512705562898327e-10,-1.4755817929861514e-10,-1.7605008492214356e-10,-1.9000069812839047e-10,-1.8383436957312063e-10,-1.6402033755461868e-10,-1.335009474668101e-10,-7.710634147180024e-11,-1.7606999507652795e-11
7.0,5.0,0.2144492102113706,-0.1920399280235356,-0.0200725758167649,-0.0020537956137905,-0.0002551176126675,-2.570656054310064e-05,-1.9646317248951496e-06,-1.1616922892754457e-07,-5.383105293236003e-09,-1.5722615566334182e-10,3.3835261251428986e-11,3.8295324585904676e-11,4.0639874143094846e-11,4.616253532794033e-11,3.9238989626450945e-11,4.727446060601246e-11,2.091982503224884e-11,1.4352383946597527e-11,4.816286709702934e-12,-2.2699458465465947e-11,-4.229655982300284e-11,-4.696306465890075e-11,-5.586283937965236e-11,-7.239501156794826e-11,-7.695531537407775e-11,-6.239293601329741e-11,-5.17247296297136e-11,-5.4501025029096055e-11,-2.5673293565709045e-11,-1.6845778099657332e-11
6.0,25.0,0.045213568956875,-0.0214921370683069,-0.0143809760408022,-0.0056915849093567,-0.0021133150469181,-0.000906459913864,-0.000395045222035,-0.0001561139546891,-5.463327942239424e-05,-1.7005274434828304e-05,-4.739216454490896e-06,-1.1865266062573142e-06,-2.6555765841932284e-07,-5.101203275630868e-08,-6.249914109546525e-09,1.697447162652716e-09,2.249625022080075e-09,1.321103678481438e-09,-2.37009232689448e-11,-1.570806408655798e-09,-3.192580676153681e-09,-4.767649523276913e-09,-6.170878949045582e-09,-7.249061876835946e-09,-7.829895368440592e-09,-7.769967356475497e-09,-6.992991614306002e-09,-5.4841896832645e-09,-3.284330905769623e-09,-6.161466797933052e-10
4.5,20.0,0.0722640707058362,-0.0712061749594022,-0.0010523429847655,-5.537942167247804e-06,-1.4859204454650652e-08,-5.3562065883557395e-11,-3.347390049963223e-11,-4.2557054975678666e-11,-4.075635209633607e-11,-4.547046520659604e-11,-5.1364181119378106e-11,-5.36071599226599e-11,-5.216775020784872e-11,-4.711188794870747e-11,-4.2921177595125296e-11,-3.1489398778870235e-11,-2.6979085993616078e-11,-1.3679647407071632e-11,1.5878376335588013e-12,1.3826099708097511e-11,2.9480589635921846e-11,4.9111950785517806e-11,6.529939720123702e-11,7.495659440132026e-11,8.158810300660776e-11,8.536535551121946e-11,7.828776858515948e-11,5.718053067216431e-11,3.60298497441602e-11,2.231364780917432e-12
4.5,25.0,0.0026669893959527,-0.0003893582746515,-0.0005620413349837,-0.0005745221535898,-0.000469831552909,-0.0003213078023122,-0.0001878780007369,-9.520709314657852e-05,-4.22079992044124e-05,-1.648890000334129e-05,-5.709217623484025e-06,-1.759597675259174e-06,-4.831523171021823e-07,-1.1680107990918704e-07,-2.3132960007938452e-08,-2.095357326523722e-09,1.4990906209309547e-09,1.1865149016599701e-09,-4.8290628244154355e-11,-1.5702447403384552e-09,-3.187058493777369e-09,-4.767115039080517e-09,-6.171730604965055e-09,-7.2448147443656785e-09,-7.824836374037748e-09,-7.772087874256128e-09,-6.997239768437621e-09,-5.480678862580664e-09,-3.289415296594114e-09,-6.184136237147321e-10
7.0,20.0,0.3508435376086913,-0.2639865486209192,-0.0655977262776578,-0.0110441283614402,-0.0046263740893174,-0.0028392377295464,-0.0015573428152978,-0.0007356559406799,-0.0003015475286789,-0.0001080949714571,-3.410242141089297e-05,-9.511509108937045e-06,-2.343597154091741e-06,-4.981580219452834e-07,-7.778995637776213e-08,4.467760237338255e-09,1.4108204109962109e-08,8.819175932038054e-09,-2.0315111861442423e-10,-1.0721797578166368e-08,-2.1785002133367733e-08,-3.2555171184014124e-08,-4.21378845183431e-08,-4.9478479725025883e-08,-5.3437088903040704e-08,-5.3047552285240094e-08,-4.7747318284651576e-08,-3.7421254372034085e-08,-2.2434800279879367e-08,-4.218919595950339e-09
7.0,8.0,0.2135311171641312,-0.1847604542673726,-0.0242735188183817,-0.0036326711764929,-0.0006844945941546,-0.0001443948223758,-2.947052832000224e-05,-5.233371995928958e-06,-7.734541622768588e-07,-9.433353604609528e-08,-9.39254246059353e-09,-5.834041439741933e-10,1.8387610401633327e-10,2.340228181671316e-10,2.1877434512396202e-10,1.8405068878439807e-10,1.35921294101463e-10,7.168139465104732e-11,-3.91593192964782e-12,-8.556376036590663e-11,-1.7037818057291436e-10,-2.5258241011536006e-10,-3.236164450058395e-10,-3.7494768828476286e-10,-4.010455381624931e-10,-3.9626799286949085e-10,-3.548779346123099e-10,-2.7607658141815867e-10,-1.6932484667593602e-10,-4.1145283016604635e-11
6.0,15.0,0.3725350846584586,-0.2641310799353851,-0.0915984853307083,-0.0142206777492738,-0.0017498528740518,-0.000471522993254,-0.0002171331754474,-9.451827442876889e-05,-3.5673894389939506e-05,-1.1690882594015449e-05,-3.348692640009508e-06,-8.423676185160783e-07,-1.855883584314203e-07,-3.435908462707417e-08,-3.782202562474407e-09,1.389898126991709e-09,1.6158934716433515e-09,9.396933116815986e-10,-6.246621722929451e-12,-1.1172863692752452e-09,-2.266121184022308e-09,-3.358514427194676e-09,-4.340488396949406e-09,-5.111793890361541e-09,-5.52042933972322e-09,-5.4563281725421165e-09,-4.9044972084353986e-09,-3.86931757690103e-09,-2.304717098833109e-09,-4.4847311772779007e-10
8.0,5.0,0.1192015938524055,-0.1159403163030506,-0.0032288883681915,-3.2224577047505145e-05,-1.641039252601575e-07,-5.089501615375913e-10,-2.69131930654349e-12,-9.087925974634624e-12,4.0314576966661213e-13,-1.854472706745485e-12,-7.582464468628583e-12,-9.37912707502428e-12,-7.700963925366137e-12,-3.094960109870378e-12,-3.495563779103293e-12,4.3860604024654266e-12,-3.4271526467833336e-12,-4.583890768837474e-13,2.255939880303991e-12,-2.797450003625744e-12,-3.403337076229e-12,3.2653185286759535e-12,7.068321504307993e-12,5.431704588735694e-12,6.895244029581215e-12,1.4067442648248855e-11,1.5077640703540077e-11,4.968800244518137e-12,6.0046713489061656e-12,-6.074654602125555e-12
8.0,20.0,0.1954463305671372,-0.1605533199797621,-0.0213945730190978,-0.0087736638310754,-0.0034652567946116,-0.0010000814787476,-0.000217268754655,-3.665201827481402e-05,-4.922349238583452e-06,-5.368867134570055e-07,-4.7957240645937056e-08,-3.094113364223285e-09,3.44760411337009e-10,5.486740431897404e-10,5.01394922916445e-10,4.3795953026567344e-10,3.0187684289428323e-10,1.6699625519618355e-10,4.723615981163982e-12,-1.9970891959062278e-10,-4.0247219335731057e-10,-5.818774556002563e-10,-7.484325023037333e-10,-8.89457830249506e-10,-9.606666700168631e-10,-9.36857156287508e-10,-8.38337173871217e-10,-6.748968316742948e-10,-3.9352521729347774e-10,-8.356289275564638e-11
5.5,5.0,0.0398918807581038,-0.0350846437608024,-0.0041392534703146,-0.0005833461163541,-7.518532845896258e-05,-8.56804750360549e-06,-8.168947138174638e-07,-6.297973493024303e-08,-3.888718002357592e-09,-1.8009943472639248e-10,6.95455401003048e-12,1.4634290510291724e-11,1.5229322956632784e-11,1.5898098921490113e-11,1.3843380929590693e-11,1.4339683978971779e-11,7.853274866965025e-12,4.831305397436775e-12,9.096342799973019e-13,-6.732482820189981e-12,-1.2978009928878696e-11,-1.6304792055485216e-11,-2.01927217382214e-11,-2.5054495777431625e-11,-2.6856359391940647e-11,-2.399886686135845e-11,-2.076666269671276e-11,-1.8953282823795897e-11,-9.977528107514056e-12,-4.062868630820416e-12
6.0,5.0,0.0422392514710646,-0.038745270240686,-0.0027930113305748,-0.0005688887536839,-0.000111839743372,-1.78452953923944e-05,-2.176115472866691e-06,-2.0390216167102058e-07,-1.5021207524474753e-08,-8.66850245394356e-10,-1.4985499052177704e-11,2.73310476373488e-11,2.9340216215671985e-11,2.950150516814508e-11,2.618755794356596e-11,2.474440644111555e-11,1.5411798435804254e-11,8.885936036240751e-12,8.188591740131381e-13,-1.1497318276187904e-11,-2.2587094814750737e-11,-3.0559970501385115e-11,-3.8565074024880535e-11,-4.657464757949777e-11,-5.002916206076778e-11,-4.690738531644175e-11,-4.1330277519544096e-11,-3.5092680037866294e-11,-1.9669166573015813e-11,-6.0589405398052715e-12
3.0,8.0,0.2059985919811891,-0.1931282168552205,-0.0125682103138533,-0.0002984950870866,-3.642638297294965e-06,-2.7011214779573137e-08,-1.5306068751985642e-10,-3.4060947814710755e-11,-1.951281916620285e-11,-2.5012983601687687e-11,-3.5543161086902694e-11,-3.909809862585435e-11,-3.5894787105810316e-11,-2.8902761844460496e-11,-2.1908135703956878e-11,-1.6852659216612726e-11,-1.1328961236686492e-11,-7.377610651678658e-12,-2.3194677738900213e-12,5.695594256489373e-12,1.5210705329074725e-11,2.5499544924706468e-11,3.6520231667634137e-11,4.75590998643534e-11,5.5280374597041154e-11,5.733920491542619e-11,5.349607281336371e-11,4.30997835725881e-11,2.201270532421486e-11,-6.475459481172238e-12
6.0,20.0,0.1340019124524764,-0.0545916146345192,-0.045307671886236,-0.0217133755509196,-0.0077531553694283,-0.0026303169468283,-0.0010598069360297,-0.0005075843532809,-0.00024911581692,-0.0001143238539161,-4.772287347682098e-05,-1.803899483272076e-05,-6.175031087492585e-06,-1.9083429562337302e-06,-5.228942305136312e-07,-1.1770450716557877e-07,-1.4529992024054832e-08,3.306061768291865e-09,-1.754207260616169e-09,-1.3064536553560071e-08,-2.6027584205105908e-08,-3.88638809777502e-08,-5.0310387784300773e-08,-5.906986773346466e-08,-6.380657622170314e-08,-6.337583798767418e-08,-5.706597827014756e-08,-4.4722834102052994e-08,-2.6857512808731905e-08,-5.094491720343803e-09
5.0,5.0,0.0281807783361681,-0.0130619432938351,-0.0092101414939917,-0.0043057569747647,-0.0012893846119171,-0.0002677506099793,-4.064965388877107e-05,-4.692488694133898e-06,-4.244235863114312e-07,-3.0479181723200826e-08,-1.3891978703386655e-09,3.7513548761017743e-10,4.592608666115112e-10,4.4212738838280215e-10,3.9765716607321296e-10,3.3633052677151686e-10,2.4165407146647787e-10,1.3107147422488679e-10,-4.706869818104519e-13,-1.5286156197457328e-10,-3.102079232388089e-10,-4.597492138227435e-10,-5.944248636372446e-10,-7.005819760263722e-10,-7.569666046536361e-10,-7.481590141838836e-10,-6.724376533076542e-10,-5.304755772230008e-10,-3.1487170406396326e-10,-5.906694851606583e-11
6.0,5.0,0.2348971018073889,-0.1990594988867159,-0.0334583978534163,-0.0022932383050326,-8.403716443704114e-05,-1.900215026999065e-06,-2.904382637507864e-08,-3.24202292453867e-10,1.0283236100714834e-11,1.008367268527475e-11,1.0851769610635293e-12,-1.5822007987055713e-12,9.461241533544985e-13,8.864205529418528e-12,4.675841965216894e-12,2.0355219915747617e-11,-8.70973338153194e-13,3.26104131112362e-12,6.0564484449613776e-12,-1.0415195076148471e-11,-1.7188341094729993e-11,-7.33317794452952e-12,-4.269368415889642e-12,-1.3389440222884246e-11,-1.3507195405515876e-11,2.3772012923070946e-12,6.9712926638560485e-12,-1.0746354263659018e-11,1.9807219237472987e-12,-1.234309094265601e-11
2.0,5.0,0.1231743182702654,-0.113209614082049,-0.0095402058236498,-0.0004140231614302,-1.0309339757969964e-05,-1.640609208805209e-07,-1.795770459097014e-09,-2.200842533333744e-11,1.4930439802254321e-12,-5.198765044764968e-13,-6.0191394940829225e-12,-7.723279999694333e-12,-6.14775018516384e-12,-1.5656593360828137e-12,-2.566047007287877e-12,5.848955870398653e-12,-3.16119084184026e-12,-4.965456112676332e-14,2.693446463168029e-12,-3.394319632875371e-12,-4.658262284104002e-12,2.077307254067332e-12,5.538460542146192e-12,2.941095988005954e-12,4.0011115533328466e-12,1.1769781139586082e-11,1.3102325927420026e-11,2.5987768167641497e-12,5.221859353905979e-12,-6.133208910699898e-12
6.0,10.0,0.0779591808100152,-0.0258287852059881,-0.0261564786616833,-0.0159108003004081,-0.0068696618206449,-0.0023206858765384,-0.0006602222226364,-0.0001659123501697,-3.7453044712263184e-05,-7.5542740246974355e-06,-1.343218258660627e-06,-2.0510079604338202e-07,-2.26577689478622e-08,2.621829693085073e-09,5.161268058996843e-09,4.610139299124518e-09,3.3746360882497102e-09,1.8208036165890822e-09,-2.434927676921621e-11,-2.110391339874316e-09,-4.2874271868602e-09,-6.394356400927749e-09,-8.274371811851271e-09,-9.724346644737873e-09,-1.0503298502914888e-08,-1.0415474685966729e-08,-9.370385469772297e-09,-7.352556453706841e-09,-4.392799954935116e-09,-8.150652339145214e-10
5.5,15.0,0.1857315566061433,-0.0599517153197411,-0.0588126480356698,-0.0368963773276852,-0.0183127245419888,-0.0077654682185976,-0.0028269250177913,-0.0008739582322193,-0.0002288814459354,-5.103779757346834e-05,-9.756654049814575e-06,-1.596131911859556e-06,-2.0757583506143698e-07,-3.389821361948424e-09,2.0664685243976183e-08,1.9815582306322176e-08,1.4659057457498488e-08,7.908565293052909e-09,-1.2021346374838748e-10,-9.154279789563514e-09,-1.86019470571048e-08,-2.7777474865911293e-08,-3.5949735164945035e-08,-4.222488619940584e-08,-4.560325634959982e-08,-4.5251268465099775e-08,-4.0719109748694335e-08,-3.191846579585171e-08,-1.9098557172161613e-08,-3.54568825775172e-09
4.0,20.0,0.3508695521726909,-0.2413230453967708,-0.08095053299543,-0.0223094553021565,-0.0051835543547116,-0.0009487900525158,-0.0001369202722064,-1.5699234970194347e-05,-1.4436930077482028e-06,-1.0845928369811624e-07,-7.492370894255988e-09,-1.2480734888868596e-09,-9.141962610399256e-10,-8.453303397312386e-10,-7.745208820846566e-10,-6.13461920461342e-10,-4.83152028957007e-10,-2.502267867328761e-10,2.028721774991217e-11,2.7832194711113807e-10,5.7044411613097e-10,8.898168691635643e-10,1.1592840774929454e-09,1.337871388064194e-09,1.4428557620636019e-09,1.4641356269185972e-09,1.3258911539978266e-09,1.0018187309827488e-09,6.217741894363896e-10,9.74148519252377e-11
2.0,5.0,0.146190273711015,-0.0896290103884218,-0.0436905734794232,-0.0108772172780721,-0.0017677210041394,-0.0002064255665505,-1.8046861759163824e-05,-1.211193987202742e-06,-6.348044495702616e-08,-2.317925416943205e-09,2.9928988850421507e-10,3.978923768780715e-10,3.978714620685409e-10,3.83896624643707e-10,3.41546832683798e-10,2.9964426792367617e-10,2.044173320523664e-10,1.1384341523627051e-10,4.452155565278719e-12,-1.3643086332428034e-10,-2.752260171541032e-10,-3.963340244755747e-10,-5.099858074365508e-10,-6.081680746279456e-10,-6.576227597225251e-10,-6.40033281061359e-10,-5.725855930970951e-10,-4.6303070049998003e-10,-2.6800169744628203e-10,-5.5687802940634406e-11
6.0,8.0,0.0234116936930005,-0.009656551601877,-0.008321929757991,-0.003936004040259,-0.0011981533792218,-0.0002542145204785,-3.963698652053748e-05,-4.722849459610984e-06,-4.43084785561527e-07,-3.324007136202144e-08,-1.708658717482182e-09,2.8917110582598555e-10,3.9077139966750076e-10,3.7689278089608176e-10,3.4096558404234115e-10,2.8462100768949145e-10,2.086211698723712e-10,1.1187446678688027e-10,-2.524291684616468e-12,-1.2954097423463423e-10,-2.62989762963387e-10,-3.936444465563543e-10,-5.093696749443723e-10,-5.970987275150252e-10,-6.444433792513306e-10,-6.402413742776142e-10,-5.761466622220784e-10,-4.5022539881760765e-10,-2.70239763594251e-10,-5.0125406773477317e-11
4.5,8.0,0.3049321984245742,-0.2283134061100951,-0.0621337337073753,-0.0119573985247522,-0.0021755009879442,-0.0003154055540271,-3.384577661161013e-05,-2.7275623044004467e-06,-1.697293449892253e-07,-8.043946669321934e-09,5.510214665084306e-11,3.897421841998687e-10,4.007302178384416e-10,3.8800220511706255e-10,3.5584527586844727e-10,2.98033926242874e-10,2.2025521502856547e-10,1.1645883923876686e-10,-5.7416646917335236e-12,-1.3787443623569494e-10,-2.758651506023185e-10,-4.10507616649975e-10,-5.273578251769612e-10,-6.123865573884184e-10,-6.56439781719215e-10,-6.50005096278253e-10,-5.829376587639137e-10,-4.533848957095015e-10,-2.768847665585085e-10,-6.294048445253233e-11
8.0,10.0,0.109390512461004,-0.0911086601292043,-0.0154009404082473,-0.0023876027429843,-0.0004024161948176,-7.508670368188793e-05,-1.3427667331251074e-05,-2.0788077901115576e-06,-2.6809346866132266e-07,-2.854201861700228e-08,-2.4634312651883554e-09,-1.0983329884189732e-10,6.860583795413901e-11,7.998270379377563e-11,7.093087962625365e-11,6.749307944442437e-11,4.1414946457333357e-11,2.4189874727297908e-11,2.723774110599689e-12,-3.1166605696080394e-11,-6.14978536005076e-11,-8.289791232573389e-11,-1.0484527216347492e-10,-1.2743753162881038e-10,-1.373000095782462e-10,-1.2855503325887299e-10,-1.133654111694688e-10,-9.686656843466495e-11,-5.3657349158096517e-11,-1.578875702172864e-11
8.0,5.0,0.0574111563310037,-0.0567674307381886,-0.0006411462084199,-2.574122155482702e-06,-5.258688712352342e-09,-7.933101419415607e-12,-6.558320159713369e-13,-4.2758627957290265e-12,3.962419892785027e-13,-6.944461953120914e-13,-3.49110632556285e-12,-4.367697918779119e-12,-3.540959209765274e-12,-1.3166128192680622e-12,-1.4688264966780666e-12,2.234845055081469e-12,-1.4848056860554706e-12,-1.6074811764416594e-13,1.0364287156380477e-12,-1.4157768057471516e-12,-1.7616225608565662e-12,1.3369623461735882e-12,3.1119719731397985e-12,2.352960634986441e-12,3.069534771364092e-12,6.482890496623364e-12,6.998036606705026e-12,2.265010804098827e-12,2.744221300572468e-12,-2.998831209691569e-12
4.0,25.0,0.279294804211699,-0.1163419544520325,-0.0520849653850216,-0.0449259817597133,-0.0317630155474165,-0.0184885565729074,-0.0091907356034501,-0.004024904139477,-0.0015957068377563,-0.0005851104782512,-0.0002008868764977,-6.47068593100451e-05,-1.941445353523323e-05,-5.328551958633209e-06,-1.2708955308135324e-06,-2.0940822233099096e-07,2.1677675908332443e-08,3.697941689980181e-08,-3.655622983778375e-09,-6.070273040915954e-08,-1.2256401529343705e-07,-1.832049678139089e-07,-2.3717194265887162e-07,-2.784468968750133e-07,-3.00749277865614e-07,-2.9868601690882933e-07,-2.689042234576024e-07,-2.1067921553704426e-07,-1.264227948111852e-07,-2.3797958784776643e-08
5.0,8.0,0.233449555666244,-0.1600382949761918,-0.0559996372806155,-0.0140738196797051,-0.0028546355949923,-0.0004305607861361,-4.819382094069281e-05,-4.119297395821274e-06,-2.7612024312021017e-07,-1.4374116380450436e-08,-7.660407988408669e-11,5.7194624152704e-10,5.928743619736363e-10,5.695578948482132e-10,5.184258707853537e-10,4.3324237869012765e-10,3.189332016180664e-10,1.6987053561795738e-10,-6.0058206949485525e-12,-1.9868704911715507e-10,-4.006780614375208e-10,-5.983070798998463e-10,-7.716767417295806e-10,-9.005910125619111e-10,-9.689787550891583e-10,-9.61376170139641e-10,-8.638368508102135e-10,-6.734150058825084e-10,-4.07474818111222e-10,-8.32065930645916e-11
5.5,25.0,0.3952772301789334,-0.1428980647729569,-0.1342037453647213,-0.0738152240432301,-0.0292392419422658,-0.0099543998118704,-0.0033941439942621,-0.0011961428935582,-0.000406418516458,-0.0001251898682383,-3.4110256885485665e-05,-8.173488126567115e-06,-1.711278291386279e-06,-2.978386051284353e-07,-2.7013040007945544e-08,1.556198237826179e-08,1.629542947053274e-08,9.268766078286168e-09,-1.289269061033631e-10,-1.0873970047904642e-08,-2.2104969072668245e-08,-3.2981858543533854e-08,-4.26865204808638e-08,-5.016943307103627e-08,-5.4194929131207273e-08,-5.37555607328364e-08,-4.837502431222429e-08,-3.7969519089691416e-08,-2.2715481333323555e-08,-4.263771881357782e-09
7.0,5.0,0.1028280198246852,-0.0920226370430191,-0.0088604572011216,-0.0015948180454254,-0.0002983194238477,-4.5824344290926376e-05,-5.423366952464909e-06,-5.00832924554171e-07,-3.689786003877436e-08,-2.148802697296845e-09,-3.5419262578271716e-11,7.141118799882944e-11,7.644180777659796e-11,7.65790749554788e-11,6.78913926946969e-11,6.387060592821698e-11,3.9950351193379554e-11,2.302013370806593e-11,2.1036660399745918e-12,-2.96106264793788e-11,-5.831812036281642e-11,-7.921509256393384e-11,-1.0014849432584779e-10,-1.2095807665878878e-10,-1.300582499544662e-10,-1.2226766742292683e-10,-1.0787439807522456e-10,-9.13385794886522e-11,-5.122009168711428e-11,-1.5252214899056356e-11
4.0,25.0,0.3478472177799157,-0.2594855676399939,-0.063821480453212,-0.0130209783107904,-0.0060066153281069,-0.0032253241429648,-0.0014729395047211,-0.0005643465369874,-0.000183392656036,-5.105848199092075e-05,-1.2280049014424947e-05,-2.563773139231712e-06,-4.597005919097682e-07,-6.28855094319736e-08,1.7394915695324152e-09,9.37467514753528e-09,7.698802609047106e-09,4.223882450538573e-09,-5.62635925813438e-11,-4.907098486348503e-09,-9.970708829149028e-09,-1.4872062403993746e-08,-1.924332243719257e-08,-2.261199443875921e-08,-2.44217059596624e-08,-2.4219151611593772e-08,-2.1791314801926842e-08,-1.710215498850726e-08,-1.0231420440989613e-08,-1.925823059091385e-09
3.0,8.0,0.160626792626106,-0.0842888711094448,-0.0514905924465858,-0.0185403329434111,-0.0050273868445998,-0.0010734078298347,-0.0001797054671784,-2.374078182172132e-05,-2.5138626600997083e-06,-2.1588588804491254e-07,-1.3891876744446742e-08,8.077247112559241e-10,1.686953465215668e-09,1.652831692012876e-09,1.49736312690106e-09,1.2501650171650752e-09,9.166885279137091e-10,4.912722403474952e-10,-1.1663576801358859e-11,-5.694024766697802e-10,-1.1552259814939296e-09,-1.7286929298248891e-09,-2.236179959110082e-09,-2.6202257445270447e-09,-2.827139905969516e-09,-2.80830483887476e-09,-2.5268014870614763e-09,-1.9741690689338227e-09,-1.1858972989017254e-09,-2.2224017554858968e-10
6.0,10.0,0.1275985199856354,-0.1208643445286026,-0.0049531496909134,-0.0010342333916495,-0.000494878154657,-0.0001839882427532,-5.307886884593208e-05,-1.2179019007717864e-05,-2.267520612049091e-06,-3.481285448741069e-07,-4.44306216863709e-08,-4.465155229923323e-09,-3.083647620838775e-11,3.7441877630997927e-10,3.6769072906517516e-10,3.1814324365856873e-10,2.2452581117209543e-10,1.2250797945041598e-10,7.146904420240847e-13,-1.4542338664496912e-10,-2.9308884361194507e-10,-4.2846270896542976e-10,-5.515021272471051e-10,-6.51162598626748e-10,-7.02273531070816e-10,-6.888932317515906e-10,-6.172517598966836e-10,-4.914500752635611e-10,-2.904002157352526e-10,-6.121450231717923e-11
8.0,15.0,0.2835487299567485,-0.2407066628992904,-0.0401790553545754,-0.0025746838224165,-8.651975368987561e-05,-1.7836217709067369e-06,-2.500811814894926e-08,-4.921918160855213e-10,-2.509765607768041e-10,-2.743506005125125e-10,-3.0012701458038344e-10,-3.1061303859748805e-10,-3.0524342737439127e-10,-2.8102611486250637e-10,-2.5725614271833663e-10,-1.9687587547042984e-10,-1.6098169331207882e-10,-8.246892373115294e-11,8.08404802897705e-12,8.801049465254776e-11,1.8358047872878924e-10,2.9496086714251557e-10,3.877520152822124e-10,4.4633925622536734e-10,4.837279430193433e-10,4.977987325384733e-10,4.5328466261168494e-10,3.373617528298889e-10,2.1069302556132526e-10,2.3645542991438528e-11
3.0,8.0,0.1021248280621287,-0.0972665906421742,-0.003333566191401,-0.0008797854073683,-0.000427742708901,-0.000158727010709,-4.568013561236479e-05,-1.0453487162370966e-05,-1.940697932522751e-06,-2.970352268437708e-07,-3.776479857457623e-08,-3.75409478434937e-09,6.884230273165296e-12,3.4662858554470875e-10,3.412863311921731e-10,2.8752514788425216e-10,2.1101870636212158e-10,1.1268649060983576e-10,-3.468719160166801e-12,-1.3174495561765064e-10,-2.6584620151367253e-10,-3.9641355108966247e-10,-5.113305190471176e-10,-5.97489420764504e-10,-6.43137450385531e-10,-6.37622017509719e-10,-5.729062691132668e-10,-4.4747129762830445e-10,-2.702032252342725e-10,-5.5131886236835165e-11
8.0,25.0,0.4328449454185364,-0.1555607202488253,-0.139298080719127,-0.0767421084918284,-0.0341788202576508,-0.0150525001777825,-0.0068720783584983,-0.0030651549423634,-0.0012838318096971,-0.000504148780604,-0.0001874963511119,-6.637465531231777e-05,-2.226428164056154e-05,-6.978098547591716e-06,-1.9842744268851164e-06,-4.71699336188986e-07,-6.578127902050372e-08,1.0068553111472574e-08,-8.657973855608926e-09,-5.4820663600610695e-08,-1.0853607248374865e-07,-1.619251952223525e-07,-2.0958920428906e-07,-2.4608553770780774e-07,-2.658162131435945e-07,-2.640024761240909e-07,-2.3770611971349133e-07,-1.8629455339194441e-07,-1.1184237614717392e-07,-2.117515372354609e-08
7.0,25.0,0.0337963753234325,-0.0042433769925754,-0.0063200275876261,-0.0067879366672608,-0.0059418643213545,-0.0044337888874725,-0.002885781408895,-0.0016621513527145,-0.0008562133907641,-0.0003978158707067,-0.0001679070002743,-6.475793992329176e-05,-2.291298428727874e-05,-7.435833457432248e-06,-2.1871443836778647e-06,-5.55566837492457e-07,-1.0146246186683352e-07,-4.343797984554057e-09,-1.0403690704197535e-08,-4.6064331432862137e-08,-8.987630866244363e-08,-1.3396120595895286e-07,-1.733772114929926e-07,-2.0351104034298345e-07,-2.1982845129819162e-07,-2.1841226273256257e-07,-1.966934765618632e-07,-1.54097484211301e-07,-9.2617242869541e-08,-1.7604217963210044e-08
5.5,8.0,0.0720649175351773,-0.0687495448373681,-0.0027024078882128,-0.0004120260001172,-0.0001498161932286,-4.112980269024175e-05,-8.458709525753122e-06,-1.345167621920567e-06,-1.697137705069408e-07,-1.7307797847382835e-08,-1.4038931982951299e-09,-4.0095879918095816e-11,5.800216285463063e-11,6.27643630080747e-11,5.847621693389206e-11,4.937360924011294e-11,3.6490577179776376e-11,1.913484004773005e-11,-1.2624935606182393e-12,-2.315047360055946e-11,-4.573438076020199e-11,-6.745484754888532e-11,-8.605511928109384e-11,-9.92714230768757e-11,-1.057808312839369e-10,-1.042065719376412e-10,-9.310722982107559e-11,-7.236980790562842e-11,-4.474338263207091e-11,-1.1987606658155206e-11
4.0,20.0,0.0682575966403803,-0.0178005621348322,-0.020863550379522,-0.0156050550620087,-0.0085592527944388,-0.0036665284079381,-0.0012761813628028,-0.0003709101463022,-9.170249718579328e-05,-1.95175876417738e-05,-3.5991470614886807e-06,-5.722776844100651e-07,-7.245860724931776e-08,-7.706817101689162e-10,7.447867387490334e-09,7.086960494668639e-09,5.2292950975293586e-09,2.822974232451365e-09,-3.900911873851449e-11,-3.268677265156226e-09,-6.642269119279873e-09,-9.912086593640486e-09,-1.282772305175701e-08,-1.507263916140833e-08,-1.6280077606122598e-08,-1.6148900776591956e-08,-1.4530462904567076e-08,-1.1397598831971596e-08,-6.8147328104895156e-09,-1.266296971549227e-09
6.0,8.0,0.0117076668274323,-0.0054836389942346,-0.0039874831332041,-0.0016061033654593,-0.000473491586842,-0.0001215659812039,-2.8409413260715496e-05,-5.8077933407781765e-06,-1.0016482111171709e-06,-1.441273081124268e-07,-1.720172946023784e-08,-1.521818789006365e-09,1.0924816406177295e-10,2.4200593099744617e-10,2.2877844601291387e-10,1.9165940711818008e-10,1.4042505527768595e-10,7.534459374728965e-11,-1.6290078292053805e-12,-8.722011581888043e-11,-1.7710155386693166e-10,-2.6502439309385153e-10,-3.4295097138979787e-10,-4.0211588625223257e-10,-4.3404282164026703e-10,-4.3116510740800975e-10,-3.8801101381917125e-10,-3.0332975004672056e-10,-1.8202349721916908e-10,-3.379762701574298e-11
4.5,20.0,0.2843518073097427,-0.1753748768936045,-0.0613493716557555,-0.028891861393453,-0.0119204513763164,-0.0044497746582115,-0.0015644932110019,-0.0005336306896134,-0.0001804712587856,-6.005188803713831e-05,-1.907391969770979e-05,-5.611781331623413e-06,-1.4955465470059183e-06,-3.5008254411184137e-07,-6.368441664635938e-08,-1.1894732395666967e-09,8.098287224548958e-09,5.481246416744733e-09,-1.5592131443470038e-10,-6.916141541376496e-09,-1.4040692353185028e-08,-2.0960980851534e-08,-2.7128496538568723e-08,-3.187049209987768e-08,-3.4423634745459675e-08,-3.415560305160734e-08,-3.073889171631504e-08,-2.4111865242159676e-08,-1.4438866615520416e-08,-2.7153587826423792e-09
8.0,25.0,0.2220338264257982,-0.2061512023143952,-0.0154518235473544,-0.0004247385844701,-6.010514658311163e-06,-5.19354666480849e-08,-5.814677696656034e-10,-3.3606982233502006e-10,-3.529631373880768e-10,-3.8608425742500167e-10,-4.16658406644804e-10,-4.2929810830513036e-10,-4.2313119105072327e-10,-3.9524874984343815e-10,-3.5900843063709856e-10,-2.8545488900920435e-10,-2.223274788973132e-10,-1.1632414660793636e-10,7.201325499459706e-12,1.2836226102714095e-10,2.650223687137601e-10,4.1294469861968224e-10,5.397340576717861e-10,6.267560012704953e-10,6.782290621532092e-10,6.877610958364722e-10,6.234553140180487e-10,4.73848120714011e-10,2.9063808364988707e-10,4.051841739396139e-11
3.0,20.0,0.0178824633039248,-0.0042796823075368,-0.0052589257508379,-0.0041927323278333,-0.0024633545269029,-0.0011220577314948,-0.0004079284828319,-0.0001208102748646,-2.961762998682931e-05,-6.090786357688138e-06,-1.0611969515453649e-06,-1.5623420074208681e-07,-1.7476715095195413e-08,7.164445957698303e-10,2.526055119338445e-09,2.292533135143435e-09,1.682499294521445e-09,9.073462325955135e-10,-1.2918638114913654e-11,-1.050352869349025e-09,-2.134415130216645e-09,-3.1857931739758187e-09,-4.122961577553489e-09,-4.8439503465931195e-09,-5.231866966680557e-09,-5.190266652353245e-09,-4.6701966022981886e-09,-3.662496846459941e-09,-2.190270920484356e-09,-4.067096188975407e-10
8.0,15.0,0.2445497590312371,-0.1980575244211428,-0.0308452125218547,-0.0104866894676815,-0.0038581901337474,-0.0010494577002477,-0.0002141273760259,-3.383180301595704e-05,-4.248118800574555e-06,-4.323095155696894e-07,-3.5419473851430964e-08,-1.433535022294785e-09,9.905150673644603e-10,1.093043520920398e-09,9.884842516747715e-10,8.46651388507467e-10,5.99198998664393e-10,3.2708626348273513e-10,2.1002188205574838e-12,-3.8587142840101934e-10,-7.798698434922605e-10,-1.144201888887157e-09,-1.4755139479091062e-09,-1.7430818157585183e-09,-1.8816575484285028e-09,-1.849749795821916e-09,-1.65935740801058e-09,-1.3185579028234375e-09,-7.787330928412888e-10,-1.5658381054125794e-10
4.0,25.0,0.2712922606784452,-0.1943196165499846,-0.0627996526167378,-0.0103382844510969,-0.0022916831169654,-0.0009473504163484,-0.0003975972575105,-0.0001416607796143,-4.256821169197217e-05,-1.0892256000442168e-05,-2.394908846812481e-06,-4.551274662567624e-07,-7.40278531816e-08,-9.050651937625466e-09,4.696008221339699e-10,1.4666745187800055e-09,1.1511336279408035e-09,6.343624128742766e-10,1.2660206678672837e-12,-7.42086753794867e-10,-1.504870575111566e-09,-2.222531586613841e-09,-2.8710991588333963e-09,-3.3872491243876204e-09,-3.6593589172219534e-09,-3.6101857782082442e-09,-3.24346648266894e-09,-2.5673940091934e-09,-1.523626421129718e-09,-2.987387036292092e-10
8.0,10.0,0.1960177789901747,-0.0994148600393075,-0.0628111240269136,-0.0248040132272996,-0.0070067859885311,-0.0016068064154603,-0.0003138251222934,-5.213970593938759e-05,-7.27445044245855e-06,-8.460415185103772e-07,-8.032907466876698e-08,-4.16230925875887e-09,2.1873379406890075e-09,2.522301242093377e-09,2.2918044472083904e-09,1.942718353869275e-09,1.392827307997954e-09,7.56371749447093e-10,-1.193651654537057e-12,-8.82878075163959e-10,-1.7913191332704563e-09,-2.6516002595777062e-09,-3.4276783118922803e-09,-4.04189026257893e-09,-4.367383307235407e-09,-4.313790852656608e-09,-3.876537397217888e-09,-3.061565297235677e-09,-1.8155904675551835e-09,-3.4275891501338067e-10
5.5,10.0,0.3286805575270756,-0.2237042084801244,-0.0744962132613334,-0.019380014314678,-0.0071389847619536,-0.0027515660408057,-0.0008960922516219,-0.0002435463981469,-5.630806458291071e-05,-1.125681964648861e-05,-1.96313949767442e-06,-2.953906922710872e-07,-3.2872374110486354e-08,3.221003640015082e-09,6.8999451291165165e-09,6.207830936069617e-09,4.5336842362824715e-09,2.449562228385356e-09,-2.7560704228771128e-11,-2.8448216761780783e-09,-5.775932839833948e-09,-8.598460709303009e-09,-1.1121774907020948e-08,-1.3077587129509341e-08,-1.4124070175096233e-08,-1.3992283498046112e-08,-1.2584097921281662e-08,-9.888299348229216e-09,-5.901199986018583e-09,-1.107401915898912e-09
7.0,10.0,0.1800368257975661,-0.1687145976945853,-0.0099708334315135,-0.0009823913563735,-0.0002860278414064,-6.88035143273527e-05,-1.229152174172842e-05,-1.6819574284986166e-06,-1.8126357109859642e-07,-1.5695204735233732e-08,-1.0674007886883946e-09,-1.008798117671405e-11,5.5429938499069476e-11,6.226628584849197e-11,5.4734005198244975e-11,5.7519880390780924e-11,3.114458573190036e-11,1.914601417000826e-11,3.573099843940011e-12,-2.7234920876228667e-11,-5.201012165328449e-11,-6.44686816968471e-11,-7.920854140486202e-11,-9.811333771983723e-11,-1.0467587528120952e-10,-9.246347914269343e-11,-7.949663808358582e-11,-7.343826011553569e-11,-3.8672044213101796e-11,-1.7704028022169393e-11
5.5,20.0,0.1176702469338176,-0.02839340452541,-0.034390339945294,-0.027048806339429,-0.0158957401724065,-0.0074797580355583,-0.0029681790362652,-0.0010366591451775,-0.0003283040854152,-9.54906274974696e-05,-2.546159705121764e-05,-6.161150984825317e-06,-1.3265059047621244e-06,-2.3579584360416561e-07,-1.7435850105468833e-08,1.7952791391698523e-08,1.76189584381517e-08,9.945056665837268e-09,-1.7146257168841234e-10,-1.1661121007789381e-08,-2.370218356059152e-08,-3.5414686001911054e-08,-4.583976622073749e-08,-5.3832329654556255e-08,-5.8141404581918623e-08,-5.7711593775807787e-08,-5.194085907299299e-08,-4.070622611813694e-08,-2.4381679703268212e-08,-4.546782206871714e-09
8.0,10.0,0.0615544389433858,-0.0608069522333367,-0.0007442399672382,-3.23956642520178e-06,-7.179868886124882e-09,-1.5740415420360378e-11,-6.10735564428612e-12,-1.0737163877392819e-11,-6.404759166942441e-12,-8.126896915579012e-12,-1.151732999799996e-11,-1.2645476161781584e-11,-1.1693267126992745e-11,-8.935120963344772e-12,-8.373758724166042e-12,-3.2807990777809984e-12,-5.748410308789529e-12,-2.401784864864912e-12,1.1609091435901038e-12,1.0681395230562e-12,3.3608497532653007e-12,9.288307654810672e-12,1.350138584186974e-11,1.4443282286453803e-11,1.6159479494665117e-11,1.9733899279312728e-11,1.9007151588753744e-11,1.1423067112973602e-11,8.337175321005046e-12,-2.218633514119117e-12
3.0,8.0,0.2135675123834223,-0.198445533241462,-0.01432673059032,-0.0006701363531097,-0.0001016859522605,-2.004934644058909e-05,-3.002803415820168e-06,-3.414645837240504e-07,-3.0346770543905504e-08,-2.159864720438765e-09,-1.3293870601850418e-10,-1.5981978973463986e-11,-7.08635795154477e-12,-1.0941919029602014e-12,3.349267870869593e-12,4.25338906294322e-12,4.176193927432535e-12,9.015799526892384e-13,-2.573622521822969e-12,-3.961283607959283e-12,-4.305994189545598e-12,-3.6585808010777865e-12,-1.127739266833636e-12,3.548376858488568e-12,7.875448845539788e-12,1.029140248498428e-11,1.1201783208850035e-11,1.0093306632930094e-11,2.104587584280348e-12,-1.0409503744433747e-11
3.0,25.0,0.0234249002231379,-0.0045863067246076,-0.00588132354515,-0.0051064306157598,-0.0035041147825315,-0.0020760312658506,-0.0011340510609201,-0.0005927187590031,-0.0002977189084129,-0.0001417478694276,-6.304648111915442e-05,-2.5975587830088324e-05,-9.87662703938544e-06,-3.454556387195254e-06,-1.101222688768071e-06,-3.1040215180515066e-07,-7.070118922951832e-08,-1.098136030172326e-08,-6.569850924955324e-09,-1.8575669595617423e-08,-3.5168729833382745e-08,-5.223726943632264e-08,-6.757756335557964e-08,-7.932301561019515e-08,-8.568711719808407e-08,-8.513848322399435e-08,-7.667909277729815e-08,-6.008593153141824e-08,-3.612659161348273e-08,-6.89495280050069e-09
3.0,25.0,0.0445602801285641,-0.0061434846093539,-0.0089252792279949,-0.009243432146792,-0.007739719474346,-0.0055053191638499,-0.0034218965337405,-0.0018958372905626,-0.0009505983055681,-0.0004363872026614,-0.0001848859754438,-7.262042715736312e-05,-2.6471934142945225e-05,-8.923720464067548e-06,-2.745255513112716e-06,-7.397063768785287e-07,-1.53227238164192e-07,-1.654111661286994e-08,-1.4953703331396076e-08,-5.301115864657172e-08,-1.0208924194989373e-07,-1.5193973059278216e-07,-1.9660877149059722e-07,-2.3077975441862786e-07,-2.4928723541539005e-07,-2.4768362254830096e-07,-2.230601300630421e-07,-1.7476655863728194e-07,-1.0505125421223224e-07,-1.999339308369764e-08
8.0,8.0,0.0305059796843577,-0.0138012111216057,-0.0104681618631158,-0.0044852195330036,-0.001358756409266,-0.0003209949905337,-6.0964573014541965e-05,-9.366383703817226e-06,-1.17084484862008e-06,-1.1995939390262625e-07,-9.771293301513674e-09,-1.7792312518589016e-10,5.185426873619515e-10,5.357981968375481e-10,4.865753972786084e-10,4.0633363203797727e-10,2.9775650814560125e-10,1.5970530545141248e-10,-3.5480213468519485e-12,-1.8491856794525343e-10,-3.754251758576405e-10,-5.618635507704087e-10,-7.270367496828316e-10,-8.523243046528056e-10,-9.199254963062491e-10,-9.138666358253863e-10,-8.223761775869445e-10,-6.427463538601748e-10,-3.8576718555225336e-10,-7.163049812873034e-11
3.5,10.0,0.1039881269174317,-0.0471162804111791,-0.0354319319257466,-0.0150460173838773,-0.0047283722791705,-0.0012805460377368,-0.0003082628070025,-6.382030684763475e-05,-1.1068031068457607e-05,-1.5981382098290617e-06,-1.9153937336507682e-07,-1.7277587202268485e-08,9.0245549126896e-10,2.404219556243426e-09,2.2761245919496355e-09,1.925242643119811e-09,1.3909461197041292e-09,7.524523778424214e-10,-5.932175983335835e-12,-8.749914694329021e-10,-1.776564790057256e-09,-2.6403801600788587e-09,-3.4151129306123554e-09,-4.019920811339393e-09,-4.342789117398262e-09,-4.2986046371191955e-09,-3.865245663686487e-09,-3.04201456443677e-09,-1.8110005062991518e-09,-3.3830069987524977e-10
3.5,25.0,0.0298308314622421,-0.0059634419511204,-0.0078605074061691,-0.0069794813809421,-0.0047275816137085,-0.0025611471567535,-0.0011383645577307,-0.0004222296486488,-0.0001323826727017,-3.545635663562075e-05,-8.181628319464686e-06,-1.6337213544193595e-06,-2.778371481136517e-07,-3.3859340866412414e-08,3.773159600852139e-09,7.572264337420471e-09,5.992720499495835e-09,3.263577385481082e-09,-5.0450371998361665e-11,-3.780220134500467e-09,-7.684348927645739e-09,-1.1480724258136328e-08,-1.486012117454714e-08,-1.7451655529416668e-08,-1.8848616805402587e-08,-1.8708449642481706e-08,-1.6837347517395784e-08,-1.3195940561601077e-08,-7.902668791612385e-09,-1.472529617354548e-09
3.0,20.0,0.0592312637172871,-0.0179550986161095,-0.0194761505691873,-0.0129231906116058,-0.0060343460847206,-0.002112411784318,-0.0005769119297013,-0.0001264889122394,-2.275157174650616e-05,-3.412869944741213e-06,-4.307766058708564e-07,-4.4109711661309763e-08,-1.448247441531911e-09,2.4718016961966353e-09,2.524834276560681e-09,2.145591149426072e-09,1.5532287041812835e-09,8.39853512333502e-10,-7.255496698963917e-12,-9.750924315241771e-10,-1.980717652250441e-09,-2.946713787854996e-09,-3.812287398368829e-09,-4.486375098506647e-09,-4.847039913865335e-09,-4.80028021046043e-09,-4.317302438866918e-09,-3.395637033701488e-09,-2.023119755015944e-09,-3.7658528916705135e-10
3.5,8.0,0.2284353946583857,-0.1841301045506744,-0.028158268499994,-0.010409897199131,-0.0040836515685043,-0.0012639608520775,-0.0003138202485517,-6.346868888348721e-05,-1.0561622339127697e-05,-1.4590623133449282e-06,-1.672295103199892e-07,-1.4006370193386041e-08,1.335936569379293e-09,2.528609179212618e-09,2.376337659646943e-09,1.991000722364653e-09,1.458954227153948e-09,7.82106485765842e-10,-1.824183973666995e-11,-9.071893532214923e-10,-1.839710015453575e-09,-2.7508413395139422e-09,-3.5573114283223486e-09,-4.168219572032332e-09,-4.496624729114296e-09,-4.464844952915372e-09,-4.016633880933811e-09,-3.1396426450222836e-09,-1.8862941210783282e-09,-3.5735166731773447e-10
7.0,10.0,0.2489682434546951,-0.2068783684986613,-0.0328717110355974,-0.0064877571627219,-0.0019063065010436,-0.0006055290638574,-0.000169162184179,-3.9877579386251146e-05,-7.951271254890978e-06,-1.348812590393894e-06,-1.949513455578323e-07,-2.3175825968322972e-08,-1.240239647715134e-09,1.1269460671181472e-09,1.221937471373289e-09,1.0579535142034322e-09,7.546967781963446e-10,4.1059135831162845e-10,4.708942618895027e-13,-4.825639597977145e-10,-9.763113426531335e-10,-1.4378601791435982e-09,-1.8553330719125074e-09,-2.188639058832817e-09,-2.362904940007795e-09,-2.327426190444097e-09,-2.089020902845856e-09,-1.6551804049371555e-09,-9.805656293054756e-10,-1.9463284219231877e-10
5.5,10.0,0.0870906288694513,-0.0560217448347767,-0.0245346154857168,-0.0057073371027957,-0.000758210538359,-6.471671235624265e-05,-3.832233095098746e-06,-1.661969294022277e-07,-5.4653916462980595e-09,-1.0749492185375808e-10,3.1986345434319667e-11,3.509140908677533e-11,3.536449550620409e-11,3.6540773312039744e-11,3.021576164759928e-11,3.329819493937574e-11,1.6100130892000168e-11,1.0884644981386464e-11,3.4878589051634175e-12,-1.527557608370431e-11,-2.9860289091366157e-11,-3.595996430831342e-11,-4.476339390186819e-11,-5.7902850094370185e-11,-6.295859628455389e-11,-5.5102453080077465e-11,-4.762753740471985e-11,-4.5734638302395856e-11,-2.222266084712881e-11,-8.024681237001417e-12
6.0,10.0,0.288741274606148,-0.1703097216951401,-0.0703925927205661,-0.0326581222490358,-0.0112683801887426,-0.0031191990688911,-0.0007688391033255,-0.0001776543164786,-3.80250412325639e-05,-7.279238142404153e-06,-1.21337036763198e-06,-1.700324028777537e-07,-1.5047798852342668e-08,4.567849520915578e-09,6.106345092625481e-09,5.323363427225163e-09,3.864757384312637e-09,2.0893760823439556e-09,-1.9787054096535208e-11,-2.428373883762611e-09,-4.930239331332102e-09,-7.332691489866347e-09,-9.484127545366769e-09,-1.1158129825180038e-08,-1.2052579060793396e-08,-1.1934355461689244e-08,-1.0732014110022536e-08,-8.440261423181998e-09,-5.030553440329877e-09,-9.424616752729582e-10
4.0,5.0,0.2929382712589135,-0.2292082017656546,-0.0545334313983114,-0.0079397975648836,-0.0010810069729319,-0.0001544314080913,-1.932509103136417e-05,-1.9166936654149394e-06,-1.493177070460594e-07,-9.065682877057444e-09,-1.96350743374139e-10,2.6345628823250715e-10,2.831975263918153e-10,2.803157182202815e-10,2.4726878100223536e-10,2.2945244328880767e-10,1.4532479378472507e-10,8.369955336621081e-11,7.643342726262923e-12,-1.0547276674938503e-10,-2.0961422079577863e-10,-2.8835657573287615e-10,-3.6684355097131967e-10,-4.4349680602249936e-10,-4.78555121300406e-10,-4.5369436615750807e-10,-4.0203349520400886e-10,-3.3760549911489043e-10,-1.8938385671535024e-10,-4.985750117105824e-11
6.0,8.0,0.2612222492573491,-0.2280903615697551,-0.0302523580341951,-0.0022313707740793,-0.0004392172641647,-0.0001520673380934,-4.427566199676632e-05,-1.0301445761124102e-05,-1.9470140715536394e-06,-3.037185652979513e-07,-3.944047733502116e-08,-4.072268466220125e-09,-7.674185630557285e-11,2.9889996431400637e-10,3.038945926344728e-10,2.572770098333081e-10,1.8980824541371286e-10,1.0035810091713359e-10,-4.996010807354488e-12,-1.193251703164354e-10,-2.381834647397262e-10,-3.5341044412571847e-10,-4.5334649699488175e-10,-5.26121942760384e-10,-5.634095552611908e-10,-5.56992550091173e-10,-4.991190686582855e-10,-3.886728966460326e-10,-2.37696427333525e-10,-5.6175987103262704e-11
6.0,10.0,0.24251589276982,-0.1771892137827911,-0.0530504690150588,-0.0089885018964569,-0.0021132443064577,-0.0007896118773413,-0.0002787465285404,-8.152572144054122e-05,-1.974797681630351e-05,-4.009455829505144e-06,-6.887766365728483e-07,-9.942599718356309e-08,-1.0342612059829477e-08,1.1431008880873402e-09,2.198740464510322e-09,1.9673165279027756e-09,1.4240063732285762e-09,7.71781712411392e-10,-4.406227136055316e-12,-9.000537123362537e-10,-1.8253374849351287e-09,-2.705915219168085e-09,-3.497087804513579e-09,-4.118018617869309e-09,-4.447405492606669e-09,-4.3960928111814014e-09,-3.950845236771014e-09,-3.1151096890499182e-09,-1.8533299921351846e-09,-3.549684221293416e-10
4.0,8.0,0.2533088511847204,-0.2222404175284314,-0.026328354918849,-0.0035512217219473,-0.000926542575891,-0.000216029918582,-3.963105013697686e-05,-5.860161013313692e-06,-7.129109102373277e-07,-7.205154174669638e-08,-5.860197991215563e-09,-1.23410355166427e-10,2.974076568884457e-10,3.1432155063125005e-10,2.9017564062643447e-10,2.4383944931567874e-10,1.7988721953712486e-10,9.50274200864334e-11,-4.887000750944484e-12,-1.1314389228486211e-10,-2.256907902205976e-10,-3.3483074143267616e-10,-4.293880347423699e-10,-4.98090454358619e-10,-5.332296657108431e-10,-5.271106271747841e-10,-4.72262433083944e-10,-3.6760406509505775e-10,-2.2493770265068147e-10,-5.3398628304948825e-11
7.0,25.0,0.1470206988081038,-0.0282707819697524,-0.03699489557561,-0.0329101403514694,-0.0229314932407076,-0.0134125512046485,-0.0069121626139889,-0.0032497604928704,-0.0014214476751671,-0.0005813264697645,-0.0002213363401709,-7.788225395485068e-05,-2.5137335517175583e-05,-7.363343486898714e-06,-1.9002304927338989e-06,-3.829961837084951e-07,-2.1253917522332773e-08,2.745368600504428e-08,-5.809369630495773e-09,-6.179040104150419e-08,-1.2403400418698353e-07,-1.8536364482052362e-07,-2.399732055971154e-07,-2.817166987230318e-07,-3.0429096981395134e-07,-3.0225800092112975e-07,-2.7215327606391746e-07,-2.132160046462336e-07,-1.2802792119823516e-07,-2.4188928885187747e-08
6.0,15.0,0.1223156811720885,-0.0597263108154031,-0.0408517052175002,-0.0156484515986849,-0.0045660812377235,-0.0011854869319735,-0.0002740170305997,-5.364006697477769e-05,-8.67764987538123e-06,-1.1593554248157352e-06,-1.2802319164304056e-07,-1.058111964647594e-08,6.48471123013661e-10,1.492738280415841e-09,1.399200348965989e-09,1.1882325544667796e-09,8.52494276117041e-10,4.6293034685196755e-10,-8.157353752988891e-13,-5.399390903057518e-10,-1.0956304600449571e-09,-1.6223319567305523e-09,-2.097350480263841e-09,-2.472897437374728e-09,-2.6719377864402502e-09,-2.6396615155269283e-09,-2.3723632821542604e-09,-1.8731564497717803e-09,-1.1114096682721475e-09,-2.1005107902723595e-10
2.0,8.0,0.1004775897717017,-0.0934330140973764,-0.0044565392232494,-0.0016255770639214,-0.0006873875381246,-0.0002137671433621,-5.0445139874644814e-05,-9.30229699776026e-06,-1.3722393868822302e-06,-1.6486176310849285e-07,-1.6092691643956856e-08,-9.636646816966907e-10,3.2259300561779837e-10,3.984281343700879e-10,3.6721537070178086e-10,3.0764037712106376e-10,2.2570102379514366e-10,1.205597820741152e-10,-3.639668927020812e-12,-1.4083497974058595e-10,-2.843610840351701e-10,-4.2422598651930036e-10,-5.473977820111805e-10,-6.398307281632924e-10,-6.889103685916991e-10,-6.831835641504101e-10,-6.139455432853892e-10,-4.79497365803209e-10,-2.8934185910629977e-10,-5.836648727754892e-11
4.5,20.0,0.0141839640312054,-0.0053748493273362,-0.0048439608830713,-0.0025085735581792,-0.000933734494043,-0.0003152246889397,-0.0001203393061077,-5.200918146105463e-05,-2.223230221239322e-05,-8.68658299085455e-06,-3.035761758954246e-06,-9.4666705575684e-07,-2.632503817336281e-07,-6.448826491253545e-08,-1.2960027721208162e-08,-1.2162847406847615e-09,8.233747327813763e-10,6.613661040996529e-10,-2.7106040392125728e-11,-8.819459886257162e-10,-1.7895218988121327e-09,-2.6746471933698513e-09,-3.4624136407579203e-09,-4.065898759092457e-09,-4.391650805973876e-09,-4.360312596526459e-09,-3.925161373343677e-09,-3.076443092425678e-09,-1.844884329290509e-09,-3.4709645148298354e-10
7.0,15.0,0.1386757120137174,-0.1340052176854976,-0.00461304164763,-5.7090391070668135e-05,-3.609879647727807e-07,-1.420459920852357e-09,-4.7019862876805065e-11,-5.7578115415134776e-11,-5.178827386905605e-11,-5.881790156719411e-11,-6.822117304464671e-11,-7.169797758098165e-11,-6.942039012502943e-11,-6.108651751935174e-11,-5.5861744837500505e-11,-3.882644217757282e-11,-3.53717907819472e-11,-1.7551848315178368e-11,2.6528954142539875e-12,1.6680090825670133e-11,3.6524532807866087e-11,6.368554788356986e-11,8.557871319138217e-11,9.758859222611231e-11,1.0683884695713172e-10,1.1386800601887474e-10,1.0505211662347058e-10,7.512450048517879e-11,4.795618553953495e-11,6.35406467195493e-13
7.0,5.0,0.162576049063925,-0.1532765997487599,-0.0082725373260564,-0.0008203768181452,-0.0001737513767725,-2.883577328039594e-05,-3.5744353802103404e-06,-3.44888023145299e-07,-2.6711448944545584e-08,-1.6636367354948487e-09,-5.1966381712493786e-11,3.4053847464676566e-11,3.978695766431042e-11,4.37995909107627e-11,3.8209946000275164e-11,4.2382630904206876e-11,2.133917819354557e-11,1.3564667906764006e-11,3.1617981199227e-12,-2.0292403312349848e-11,-3.819478836923869e-11,-4.52644860823188e-11,-5.4755508797804196e-11,-6.872861188512063e-11,-7.300866000077908e-11,-6.227165391857122e-11,-5.2702330752295535e-11,-5.116075325253254e-11,-2.5997524275922288e-11,-1.4351742766604323e-11
5.0,25.0,0.3893408636192485,-0.2371240371126533,-0.1002839802073415,-0.0334625082066507,-0.0110586920445236,-0.0038198872862381,-0.0016870482103115,-0.0009174073650529,-0.0005088091648533,-0.000263686226796,-0.0001253381895984,-5.4614432518992406e-05,-2.1858334898456883e-05,-8.038138138247833e-06,-2.7023811364098347e-06,-8.149220207373372e-07,-2.095230346787599e-07,-4.3796147586289e-08,-1.9113641723417442e-08,-3.759207877373309e-08,-6.838102258922196e-08,-1.0102674613752209e-07,-1.305968929279303e-07,-1.533055948681136e-07,-1.656156949695756e-07,-1.6454422524988262e-07,-1.4820820498300193e-07,-1.1619361046091253e-07,-6.988616031324892e-08,-1.3432372077766221e-08
5.0,10.0,0.1827378464427894,-0.1571390096025809,-0.0204305925558252,-0.0038423084674341,-0.0009691100486909,-0.0002696672758626,-6.907055065606538e-05,-1.4956079228232851e-05,-2.6769196256530184e-06,-3.969512455123991e-07,-4.8920996287361146e-08,-4.671940877404276e-09,7.241036843366359e-11,4.883988091472206e-10,4.689176381378689e-10,4.077604357112622e-10,2.8485194833815507e-10,1.5631991808119008e-10,2.381494821347544e-12,-1.86261163747965e-10,-3.7529405457053343e-10,-5.45914078832214e-10,-7.023781387401473e-10,-8.315665171289735e-10,-8.973224017375282e-10,-8.77905923969412e-10,-7.86106560055642e-10,-6.289065110922505e-10,-3.6952235908351237e-10,-7.833795522532966e-11
3.5,10.0,0.0573610821142984,-0.0509329267679266,-0.0029075653776315,-0.0018575121122216,-0.0010289522686679,-0.0004370046637017,-0.0001466148520735,-3.972031451013513e-05,-8.841968746996921e-06,-1.6404558908932755e-06,-2.560588270052965e-07,-3.308189920768884e-08,-2.604715285327654e-09,9.135443241369019e-10,1.149632170655603e-09,9.932484356877527e-10,7.225249310905366e-10,3.8981619113290837e-10,-4.927044061092583e-12,-4.528002167246473e-10,-9.190366752756943e-10,-1.3684983357293683e-09,-1.769840326196364e-09,-2.0801781079395942e-09,-2.246190341881962e-09,-2.225499644000341e-09,-2.001433586214945e-09,-1.5719247272699982e-09,-9.3883174014831e-10,-1.7690778726438707e-10
7.0,15.0,0.0817333930539942,-0.0206484484830044,-0.0240404655094443,-0.0182158668279342,-0.0105633695625746,-0.0050731396881551,-0.0021004872353817,-0.000760954910042,-0.0002419000108033,-6.753313046942618e-05,-1.6593471570236943e-05,-3.591655869604672e-06,-6.739558874503857e-07,-9.531604365211737e-08,4.872300062333791e-09,1.7308021637180897e-08,1.424821156753242e-08,7.813202351332364e-09,-1.3065733971710674e-10,-9.074549139242536e-09,-1.8444400833565343e-08,-2.7565661103779563e-08,-3.5679964779400894e-08,-4.18931092436348e-08,-4.5243658167997366e-08,-4.491468564205073e-08,-4.0423133111973074e-08,-3.166800551186125e-08,-1.8970504060066497e-08,-3.5291188358367327e-09
4.5,15.0,0.3215070793361235,-0.1528341626479006,-0.1029486900408667,-0.0442163162254529,-0.0146642889687164,-0.0044807891929264,-0.001494107292339,-0.0005581372474758,-0.0002088710702517,-7.178074548496657e-05,-2.197133327413749e-05,-5.952240360160731e-06,-1.4199228153440373e-06,-2.879943370704353e-07,-3.86099335463465e-08,7.823601657995227e-09,1.1749112708436902e-08,6.993213706049469e-09,-1.338590983192241e-10,-8.360052895268425e-09,-1.6987809255147696e-08,-2.5369090852050363e-08,-3.283477528665469e-08,-3.8568528276897083e-08,-4.165665057977077e-08,-4.1338000638443443e-08,-3.7203106260578536e-08,-2.9171884301535025e-08,-1.7469749585627892e-08,-3.273801474826209e-09
4.0,25.0,0.352669572130981,-0.2321456854474177,-0.0755514046948648,-0.0273245647241588,-0.0109693744813173,-0.0041930411208443,-0.0015382421008971,-0.0005639135141648,-0.0002197230327797,-9.31605255047818e-05,-4.1085803630463645e-05,-1.7726919460757043e-05,-7.203105409164967e-06,-2.707556235595488e-06,-9.30098306052085e-07,-2.8566433096247265e-07,-7.454155880818225e-08,-1.5775665262436123e-08,-6.961484886192037e-09,-1.3725005320693373e-08,-2.4948785767761792e-08,-3.6821868476402016e-08,-4.759162831981904e-08,-5.5887984252038073e-08,-6.037673265138687e-08,-5.995553494751869e-08,-5.3993008276246966e-08,-4.235889735764616e-08,-2.5448860464927322e-08,-4.8904770076508045e-09
5.0,15.0,0.1029408471355724,-0.0877966440685073,-0.0142314427222885,-0.0008834494295836,-2.873042923317463e-05,-5.729025165152409e-07,-7.77648321807037e-09,-1.6147961169139487e-10,-8.913607840529409e-11,-9.761720652787522e-11,-1.0689077719132847e-10,-1.1065425284756071e-10,-1.0871471076677647e-10,-1.0001662297322035e-10,-9.155607640188118e-11,-6.996656373853997e-11,-5.730596228707704e-11,-2.934577763514231e-11,2.8933841788995745e-12,3.125045682442052e-11,6.523772413872168e-11,1.0495260293940272e-10,1.3802040276728526e-10,1.5885249921834663e-10,1.7218872641964646e-10,1.7730068561075015e-10,1.6148286829656182e-10,1.201070785754018e-10,7.503911337290567e-11,8.300608745887913e-12
7.0,15.0,0.3143030423766146,-0.2523321133845679,-0.0530818411469534,-0.0061234207439468,-0.001529618748348,-0.0007352206289256,-0.0003255386547966,-0.0001220211150338,-3.909323845331599e-05,-1.0836146999034751e-05,-2.624048782890607e-06,-5.579223346064685e-07,-1.0274706232066613e-07,-1.4291857864635204e-08,6.933734606382171e-10,2.533680558654955e-09,2.0608458901588092e-09,1.1339022053423407e-09,-1.1396365879724296e-11,-1.324091896243495e-09,-2.686459132173292e-09,-3.992861178089583e-09,-5.161985229128263e-09,-6.070848214976279e-09,-6.554818708995071e-09,-6.488272415577861e-09,-5.833865281647468e-09,-4.589643870051015e-09,-2.739868977012712e-09,-5.259426073703161e-10
6.0,10.0,0.3177474896281318,-0.2177078553997215,-0.0710321568558807,-0.0199638164604606,-0.0060470517661885,-0.0020801540193662,-0.0006732103569355,-0.0001875066730581,-4.462064763699079e-05,-9.153116540855078e-06,-1.6283973948353037e-06,-2.486215545838641e-07,-2.8374537088381544e-08,2.134189347030186e-09,5.297227049769628e-09,4.8007883922082835e-09,3.502621621917879e-09,1.8940699138038807e-09,-1.8856405283387948e-11,-2.2015076456476158e-09,-4.468931942205081e-09,-6.6468597368320836e-09,-8.596144840083481e-09,-1.0111296838977161e-08,-1.0920594349562785e-08,-1.0813637730590114e-08,-9.723995995835917e-09,-7.646649353058636e-09,-4.5601626097942135e-09,-8.589777862737525e-10
3.0,5.0,0.163879485763786,-0.1463827912706218,-0.0156913870881294,-0.0016077527376616,-0.000179302737831,-1.692869913416098e-05,-1.248576301739234e-06,-7.125816623852713e-08,-3.150271999682269e-09,-8.0898405837105e-11,2.3688866835143973e-11,2.5532583046529022e-11,2.730518221915369e-11,3.1695646296954937e-11,2.6731259699109234e-11,3.342445752992563e-11,1.3986019499191498e-11,9.903448072764034e-12,3.718798703572721e-12,-1.6111906719958507e-11,-2.9821823758478926e-11,-3.2133008435664217e-11,-3.783466495656265e-11,-4.965460512196286e-11,-5.269975665012965e-11,-4.16010369835533e-11,-3.4057747490722606e-11,-3.7395485736974543e-11,-1.7046626908023836e-11,-1.238128140750116e-11
3.5,15.0,0.0792835541359326,-0.0353087426057356,-0.0262556473168301,-0.0117746661350974,-0.0041588792431153,-0.0012905102563137,-0.0003659888380913,-9.723948959733504e-05,-2.44992862890456e-05,-5.799296786069832e-06,-1.261029627177408e-06,-2.4536868394241534e-07,-4.0384728575465575e-08,-3.665858941430166e-09,1.907912868626381e-09,2.2853292578437408e-09,1.732001863677937e-09,9.406059667760023e-10,-1.1095242447788063e-11,-1.0918212259950547e-09,-2.2180049444907603e-09,-3.305169809753629e-09,-4.2764898496893775e-09,-5.027852255283462e-09,-5.430816851810354e-09,-5.3830747195698045e-09,-4.842573192433524e-09,-3.803000246487525e-09,-2.271011515454626e-09,-4.2396456520851447e-10
7.0,5.0,0.0475361418849747,-0.0396982059868293,-0.0063471611134907,-0.0012095674639373,-0.0002419835673564,-3.522834892289751e-05,-3.687957051349545e-06,-2.8883353869767266e-07,-1.7479135004350038e-08,-7.904697926188874e-10,2.5209014601301087e-11,5.84323355256903e-11,5.948341009276616e-11,5.833870524189725e-11,5.1870105880992776e-11,4.692308907540236e-11,3.0842502653070393e-11,1.7413437907103344e-11,1.0490356529915985e-12,-2.155497849710506e-11,-4.298763112356297e-11,-6.032584553623119e-11,-7.700743843393436e-11,-9.228414636715751e-11,-9.950990130899474e-11,-9.541555711363667e-11,-8.484735549286107e-11,-6.994439342232894e-11,-3.9983001611379725e-11,-9.918055045557316e-12
4.5,20.0,0.1942002484365595,-0.0839372298991997,-0.0670927324094471,-0.0292475563343262,-0.0089696072937735,-0.0027171407566001,-0.0011329901224967,-0.000582696248058,-0.0002949978665272,-0.0001362896657642,-5.681147533109505e-05,-2.139061884537825e-05,-7.285786712940425e-06,-2.2384664387015816e-06,-6.091338878483024e-07,-1.3581419582953398e-07,-1.6262048872411853e-08,4.08679525165453e-09,-1.975804542265233e-09,-1.5208730376679007e-08,-3.0328844738364685e-08,-4.5288662061721254e-08,-5.8627917817035855e-08,-6.883764600923784e-08,-7.43580326150477e-08,-7.385399377408809e-08,-6.650070738272231e-08,-5.212023999022996e-08,-3.129920847689827e-08,-5.9401716390670636e-09
8.0,15.0,0.1592023626249601,-0.1526465677837326,-0.0064564652185165,-9.855632747028792e-05,-7.697443465111432e-07,-3.6900269751265758e-09,-6.524954964522939e-11,-7.035779016164198e-11,-6.427100423982535e-11,-7.270475500254064e-11,-8.371662503811747e-11,-8.782034331812623e-11,-8.518282765520508e-11,-7.537653742067723e-11,-6.893976035798259e-11,-4.8525712226630905e-11,-4.3588425027936407e-11,-2.17157150047634e-11,3.1357603371120165e-12,2.096407047205106e-11,4.559539667723607e-11,7.865275345514692e-11,1.0539974548216736e-10,1.2033068980350328e-10,1.3156959561871654e-10,1.3962663923166808e-10,1.2861446011279326e-10,9.241921931770424e-11,5.883984062399159e-11,1.4846131021263613e-12
4.0,20.0,0.0149336169832711,-0.0059162388591865,-0.0050003232422655,-0.002443826874401,-0.0009264863368604,-0.0003604866867952,-0.0001604640686881,-7.379490528248273e-05,-3.204986464529574e-05,-1.283316149706124e-05,-4.74052261136478e-06,-1.620097463392372e-06,-5.114937517576008e-07,-1.4767457188555133e-07,-3.763245857229377e-08,-7.319733545566515e-09,-1.7297182249594583e-10,6.88018570380696e-10,-1.1995814888688218e-10,-1.4051663894662738e-09,-2.8239778752157967e-09,-4.219057633754893e-09,-5.461689586883938e-09,-6.412690225079289e-09,-6.9265454812003755e-09,-6.878778611926259e-09,-6.193075828095098e-09,-4.8530753889718285e-09,-2.912465165442697e-09,-5.49618302956508e-10
3.0,10.0,0.026075042458134,-0.0134047289375949,-0.0089882160507877,-0.0029959161782404,-0.0005989030238061,-7.930296285082227e-05,-7.429570172501461e-06,-5.165785838412953e-07,-2.758402304155144e-08,-1.0928193824830323e-09,4.374655283770768e-11,8.485297916289225e-11,8.531866970422281e-11,8.217710551310026e-11,7.299096543774083e-11,6.397371552514646e-11,4.364052883241173e-11,2.434443553457967e-11,1.0216074386172814e-12,-2.905714518957244e-11,-5.873440762861785e-11,-8.468639504449613e-11,-1.0908666995875879e-10,-1.3020755785839392e-10,-1.4090826026997938e-10,-1.372464791164055e-10,-1.228546171712732e-10,-9.933896857688088e-11,-5.7415853081880125e-11,-1.1612940155022014e-11
6.0,10.0,0.241008536538316,-0.1282455288636601,-0.0750672409341937,-0.0276044059191955,-0.0078303316910886,-0.0018231864190365,-0.0003637911040488,-6.320562968768354e-05,-9.47621909435491e-06,-1.209078859042586e-06,-1.2847633733465665e-07,-9.010069507748416e-09,2.157336097968419e-09,2.915547882474558e-09,2.6758495965833035e-09,2.270298971323625e-09,1.6275370936450332e-09,8.838446938343934e-10,-1.3775632527117742e-12,-1.0318879866395475e-09,-2.093443761299465e-09,-3.098386171275719e-09,-4.004984780424964e-09,-4.7226013127001645e-09,-5.1027374603511125e-09,-5.039738377401596e-09,-4.528743633958016e-09,-3.5769444990739503e-09,-2.121283674940366e-09,-4.012567329163439e-10
5.0,15.0,0.2768553883279855,-0.2456216225114436,-0.0298405549901813,-0.0013605142952526,-3.222621719264445e-05,-4.661852421368799e-07,-4.695248462094451e-09,-2.2807413143880679e-10,-1.960034625016124e-10,-2.1687351734130183e-10,-2.398583071852705e-10,-2.4897231905975436e-10,-2.4397185036771307e-10,-2.2271852816140668e-10,-2.03842185968166e-10,-1.5336398217066808e-10,-1.278364871878502e-10,-6.510720500549511e-11,7.008402068924695e-12,6.810493805413614e-11,1.4322192275334428e-10,2.3347398699240977e-10,3.0816927746847286e-10,3.5411321235711967e-10,3.8449789962608636e-10,3.9831468535031774e-10,3.636136404549344e-10,2.6856691140802795e-10,1.6842587878791419e-10,1.5715319303902794e-11
7.0,8.0,0.3209806667375521,-0.2279895760565747,-0.072811232241191,-0.0155762458626711,-0.0036437968089011,-0.0007980122919865,-0.0001400353756728,-1.939164812880646e-05,-2.1580720424602173e-06,-1.9587608945254385e-07,-1.3734642309482304e-08,3.1454882778213984e-10,1.2161662687676687e-09,1.212108356681304e-09,1.1026035881834634e-09,9.21571363130882e-10,6.769103680841516e-10,3.615867055231555e-10,-1.0823746645904528e-11,-4.2139974899588477e-10,-8.518907011027644e-10,-1.2727481618171186e-09,-1.643445186565604e-09,-1.921448310153684e-09,-2.069790369477682e-09,-2.054191811670027e-09,-1.846733953816441e-09,-1.4414476697165163e-09,-8.693921950670472e-10,-1.7186966465733015e-10
4.0,15.0,0.2047502120936752,-0.1888586358334307,-0.0130470249622707,-0.0013816309785389,-0.0007617170093819,-0.0004147964754608,-0.0001863682653913,-6.997704626517177e-05,-2.2237469025043583e-05,-6.042994319400366e-06,-1.4159733569400973e-06,-2.871617417180503e-07,-4.945755068412568e-08,-5.937821297565277e-09,8.74192716339907e-10,1.5586541123869832e-09,1.216007757038776e-09,6.636620505614902e-10,-7.38050815789927e-12,-7.738926098465083e-10,-1.5693230071326507e-09,-2.33233827847839e-09,-3.014461103047427e-09,-3.543710492000961e-09,-3.8251718752108054e-09,-3.786156455326089e-09,-3.403866752467876e-09,-2.677001522766304e-09,-1.5991923217088887e-09,-3.0900629105763677e-10
5.0,8.0,0.2312271782346728,-0.1776459358382159,-0.0457421242327242,-0.0068904661600161,-0.0008547191904241,-8.678061436856936e-05,-6.737414101306507e-06,-3.958769140107903e-07,-1.7880945120365134e-08,-5.597727394511546e-10,6.279465427585462e-11,8.066572775582039e-11,8.303222047755445e-11,8.37894209259438e-11,7.976836376829059e-11,6.740084432097656e-11,5.08376114387526e-11,2.593825523865703e-11,-3.0775251268929848e-12,-3.2463571806098794e-11,-6.266024572297387e-11,-9.184230306689391e-11,-1.1576330281614868e-10,-1.3105566011595111e-10,-1.3783344702607243e-10,-1.3519462544591529e-10,-1.2005838700933347e-10,-9.211383596743604e-11,-5.910224688017955e-11,-2.0285736783053444e-11
8.0,5.0,0.0306142307989457,-0.0276145259915708,-0.0027939312159474,-0.0001954153101795,-1.0005037434581253e-05,-3.448965300289508e-07,-8.202490848230227e-09,-1.4217667362055178e-10,-2.773437978252188e-13,1.1299206528305029e-12,-1.2278019819723513e-13,-5.040714816002465e-13,-1.36054338707122e-13,9.315768713284597e-13,5.160431064951572e-13,2.4627094329703967e-12,-1.0448245424018676e-13,3.7451305997191137e-13,6.972116681810841e-13,-1.293805947747102e-12,-2.0818741648543175e-12,-8.236302475892706e-13,-3.6371256080841483e-13,-1.3669413163830693e-12,-1.2915480725764137e-12,6.900915360244795e-13,1.2477127924245694e-12,-9.837354001664372e-13,3.719530099650614e-13,-1.669863950507553e-12
8.0,8.0,0.1693472311858493,-0.1140143024687843,-0.0419002416560045,-0.0106493990231028,-0.0023268051138594,-0.0003988191317079,-5.196968073631104e-05,-5.243363778085092e-06,-4.195452424855585e-07,-2.6750133263185363e-08,-9.022415759310108e-10,5.071110939124092e-10,5.671475585790206e-10,5.454579798895106e-10,4.956211652038352e-10,4.1407499163528364e-10,3.044336729845764e-10,1.6246558260569163e-10,-5.145068080881776e-12,-1.8948723582875212e-10,-3.82844137494485e-10,-5.72040596713202e-10,-7.384748336511627e-10,-8.629350553304041e-10,-9.292850669608927e-10,-9.22325946228464e-10,-8.290985885019934e-10,-6.468016678796542e-10,-3.9046909483139996e-10,-7.768498335616682e-11
2.0,20.0,0.2514329256169749,-0.1560473093089866,-0.0640023546222966,-0.0180850337708696,-0.0072737941365194,-0.0034980340660805,-0.0015504864588695,-0.0006200863069277,-0.0002308909645868,-8.235702894799709e-05,-2.850797827206596e-05,-9.534567795426116e-06,-3.031281877428152e-06,-8.939164672102022e-07,-2.3339137636307505e-07,-4.605978453617836e-08,-7.111302846930612e-10,4.727169688182983e-09,-8.466834987079274e-10,-9.694484087805144e-09,-1.9462106027455905e-08,-2.9054908885043208e-08,-3.760689513306641e-08,-4.416402240749463e-08,-4.7702205600554163e-08,-4.735695472226452e-08,-4.263012218078102e-08,-3.3419664133523894e-08,-2.0041489950972944e-08,-3.7816266612090315e-09
3.5,5.0,0.0464873844603003,-0.0305584410821488,-0.012407311325367,-0.0029456531185765,-0.0005056576166065,-6.386182235440279e-05,-6.002845992934421e-06,-4.308356059358459e-07,-2.4175088447524783e-08,-9.8736927595339e-10,7.586308910224275e-11,1.1787596809153026e-10,1.1839224838452437e-10,1.1436180943753716e-10,1.0180836379766084e-10,8.940157981040496e-11,6.095176514911686e-11,3.3935930517058326e-11,1.3108781662249006e-12,-4.0739114868936857e-11,-8.211353582104144e-11,-1.1813797817436998e-10,-1.5193552904128375e-10,-1.8114226041529726e-10,-1.9580576067315718e-10,-1.90463602044505e-10,-1.7033863139182927e-10,-1.3780064211652894e-10,-7.978523856149887e-11,-1.6803224272947294e-11
3.0,20.0,0.0107714008157791,-0.0028282027710811,-0.0032558566672935,-0.0023825803719448,-0.0012966669633584,-0.0005834456445974,-0.0002430439971585,-0.0001031835879565,-4.552590013841617e-05,-1.991913350687302e-05,-8.227570420563766e-06,-3.1265837584343115e-06,-1.0821092002804398e-06,-3.3869085416074986e-07,-9.400451835769334e-08,-2.1430805948870533e-08,-2.694771879898966e-09,5.89745273159742e-10,-3.339891206380873e-10,-2.4198288687323912e-09,-4.8163760305227585e-09,-7.19186297200624e-09,-9.309989055018397e-09,-1.0930076324619533e-08,-1.1806292353426473e-08,-1.1727287469304148e-08,-1.0559630328922312e-08,-8.274141984210296e-09,-4.968897645948421e-09,-9.408417123712603e-10
7.0,10.0,0.0376205503585234,-0.0226690846827992,-0.011435681236453,-0.0029373046917078,-0.0005058324611237,-6.550769127390542e-05,-6.587232963683653e-06,-5.182456711983442e-07,-3.2174936307285774e-08,-1.548222996089067e-09,-3.283011514967837e-12,6.123093092360472e-11,6.303009277636421e-11,6.134687024406644e-11,5.401790166127927e-11,4.8889854978824666e-11,3.186803961158207e-11,1.8195595800049808e-11,1.4291090579227262e-12,-2.225365549616548e-11,-4.472796115063835e-11,-6.287403809373734e-11,-8.06123792433735e-11,-9.719514541768095e-11,-1.0522246981211124e-10,-1.0106664383976783e-10,-9.007124549817965e-11,-7.445525996082859e-11,-4.211080889865237e-11,-9.391581017767903e-12
8.0,20.0,0.3214077211854645,-0.1658144950058503,-0.0924005071078592,-0.0412907799245873,-0.0146171552011863,-0.0047563585088187,-0.0016078796935247,-0.0005894421709445,-0.000219999450488,-7.724318532548913e-05,-2.4499842667189523e-05,-6.928446413893568e-06,-1.7361574534310694e-06,-3.761607924238861e-07,-6.053204125805317e-08,2.5677303025983553e-09,1.0306215760514164e-08,6.528135947043597e-09,-1.4388923837293804e-10,-7.98479127428912e-09,-1.6221930880300857e-08,-2.4218421902672746e-08,-3.13454493807857e-08,-3.6826466976080274e-08,-3.977785791834564e-08,-3.9468307335394834e-08,-3.5520882444020514e-08,-2.7864644602610533e-08,-1.6685704473562042e-08,-3.1376691180100307e-09
3.0,10.0,0.0801522756413147,-0.0335033487192608,-0.0277344648116176,-0.0131576084044559,-0.0043719990132771,-0.0011148707965137,-0.0002268453754798,-3.743740856932013e-05,-5.066006026201912e-06,-5.672222220193047e-07,-5.175863048331136e-08,-2.381734201919649e-09,1.5976804378471451e-09,1.7882814151578095e-09,1.6239856473838895e-09,1.3709702886290492e-09,9.88481386616872e-10,5.35241524858653e-10,-3.3845718700037312e-12,-6.229629158668996e-10,-1.26473015197207e-09,-1.877982544349296e-09,-2.4288239401808838e-09,-2.8603303591050623e-09,-3.090344809771865e-09,-3.057460548607055e-09,-2.748876231673021e-09,-2.165149140426365e-09,-1.2875352047816443e-09,-2.4044116156032247e-10
3.5,10.0,0.2225176542367102,-0.1843330080484913,-0.0308036205396601,-0.0055308715750567,-0.0013487081936756,-0.0003744673248858,-9.870129386898948e-05,-2.2820868899663485e-05,-4.5412769505555415e-06,-7.783404457091181e-07,-1.1490129950013249e-07,-1.4110963904989664e-08,-8.574614810180557e-10,6.293756075534189e-10,7.000434664526289e-10,6.137026676523826e-10,4.3229435605606524e-10,2.366050320752765e-10,2.558181882746317e-12,-2.803628616176077e-10,-5.659377624265339e-10,-8.270448535606283e-10,-1.0654128498660187e-09,-1.2600079445177795e-09,-1.3601231509893715e-09,-1.3340974663142047e-09,-1.195759631431714e-09,-9.533694482778695e-10,-5.616431382953965e-10,-1.1574882348926517e-10
5.5,15.0,0.3753677466399223,-0.1937371478895326,-0.1182190966719556,-0.0446935299825841,-0.0133005674433874,-0.0038004349754144,-0.0011535254764783,-0.0003447361047791,-9.226664092397768e-05,-2.1305853279161304e-05,-4.219566054241136e-06,-7.141778898548911e-07,-9.725564022718653e-08,-3.712304320598888e-09,7.775888121755863e-09,7.745465236457044e-09,5.720962820113211e-09,3.096701527636032e-09,-3.2778487006836526e-11,-3.593584225397121e-09,-7.298828231369781e-09,-1.0867692366762251e-08,-1.4059413781914688e-08,-1.6534327992844576e-08,-1.7859408782670546e-08,-1.7695007393074437e-08,-1.5916293795467463e-08,-1.2507620574292845e-08,-7.46472548699561e-09,-1.3989180047635052e-09
3.0,10.0,0.1047257159280875,-0.0801492224335105,-0.0149231705226721,-0.0066212190471256,-0.0022012281380127,-0.0006126254159173,-0.0001626879369596,-4.245389936073175e-05,-1.0351838171488771e-05,-2.243668559410915e-06,-4.220546255953166e-07,-6.76337626324362e-08,-8.181201429813222e-09,3.9018858553304845e-10,1.3272468046061041e-09,1.2202685203988003e-09,8.900060510981649e-10,4.817346499579856e-10,-4.2116590055479105e-12,-5.607357205073564e-10,-1.1377533801162667e-09,-1.6902324158798335e-09,-2.1852776698477432e-09,-2.5712392303864662e-09,-2.7768471247507398e-09,-2.747908747310666e-09,-2.470441443793179e-09,-1.944363804849505e-09,-1.1586943583466242e-09,-2.19771599964656e-10
2.0,25.0,0.2833829798329303,-0.2469785337969074,-0.0319328062170469,-0.0022243129766003,-0.0007242187675173,-0.0005606619285058,-0.00040381735652,-0.0002605866483704,-0.000151686965111,-8.008594366692762e-05,-3.85101835998949e-05,-1.691866666395388e-05,-6.804380661030055e-06,-2.5047418112817465e-06,-8.392285666628182e-07,-2.5089664429103613e-07,-6.342800752826556e-08,-1.277675290614231e-08,-5.565766974048854e-09,-1.1453319456161961e-08,-2.1002844486947465e-08,-3.1065276328572374e-08,-4.016445309911261e-08,-4.7150726389948414e-08,-5.093480965817993e-08,-5.05989858058452e-08,-4.557291703448452e-08,-3.5733325236423824e-08,-2.149199190875593e-08,-4.141455960753925e-09
8.0,10.0,0.1255778441188562,-0.090073210343104,-0.0177731561168927,-0.0106885185451665,-0.0048565942441724,-0.0016455940492032,-0.0004322503059087,-9.055738457450352e-05,-1.546516409731997e-05,-2.188894756154109e-06,-2.5804254818272537e-07,-2.2978678565545843e-08,1.2651495877346298e-09,3.253847276937759e-09,3.0809492179727222e-09,2.600894095546519e-09,1.8849422323658806e-09,1.0176975697281802e-09,-1.1327349336748467e-11,-1.1825998456826027e-09,-2.400724397417888e-09,-3.572944492049032e-09,-4.621265532463205e-09,-5.434477017585125e-09,-5.869362146479971e-09,-5.813761271544361e-09,-5.228274336956142e-09,-4.10872944526013e-09,-2.4507992172529788e-09,-4.5879592919666636e-10
3.0,15.0,0.0567693904796632,-0.0220400435232492,-0.019701629735887,-0.0099916216967617,-0.0035150650111725,-0.0010357578741103,-0.0003175722967382,-0.0001103223734162,-3.928945669197761e-05,-1.296366834634094e-05,-3.812030162987464e-06,-9.900366207239217e-07,-2.254147128280466e-07,-4.2904829214344296e-08,-4.615883116025736e-09,2.036592598848937e-09,2.3302465964033046e-09,1.3443460376131842e-09,-2.2948781781214896e-11,-1.5886212412274643e-09,-3.2284794557969796e-09,-4.820548042696436e-09,-6.2390823586698515e-09,-7.329243344668977e-09,-7.916229077231322e-09,-7.854963336550792e-09,-7.068974035964962e-09,-5.5434991863569635e-09,-3.318549986230301e-09,-6.206950556958531e-10
5.5,25.0,0.1031214199494361,-0.0869285976699089,-0.0060615799895909,-0.0040763741605115,-0.0028751641167945,-0.0016837493931717,-0.0008516394187102,-0.0003853184997238,-0.0001605271064122,-6.283797586510294e-05,-2.333165447110124e-05,-8.214125556018324e-06,-2.7218983649195226e-06,-8.372400187057331e-07,-2.320058282494555e-07,-5.278255115532251e-08,-6.120517161709184e-09,1.901832630021525e-09,-9.402593431225495e-10,-6.9156659490518235e-09,-1.3754935726297366e-08,-2.0529856571235863e-08,-2.6572922606255544e-08,-3.1198123417456914e-08,-3.36976652670708e-08,-3.3466445962715224e-08,-3.0131525059551914e-08,-2.3612948726740687e-08,-1.4175996170041672e-08,-2.684710376706265e-09
4.0,8.0,0.2249607525649904,-0.1890696550205076,-0.0289986742993411,-0.0050898986732231,-0.0013093043112412,-0.0003716566615072,-9.603689286008548e-05,-2.103942176122211e-05,-3.824165330517904e-06,-5.76924403373706e-07,-7.235705716770523e-08,-7.012769165172761e-09,1.2330340451822108e-10,7.550057960949892e-10,7.34503790402525e-10,6.177476393720416e-10,4.5359811782768016e-10,2.422466951365434e-10,-7.393502424885728e-12,-2.8285497046899675e-10,-5.711620571005563e-10,-8.5233141683466e-10,-1.099852456007771e-09,-1.2854130612093715e-09,-1.3839956858803883e-09,-1.3726983652347575e-09,-1.2336504964162267e-09,-9.63289745450232e-10,-5.814926469024281e-10,-1.1735030133078803e-10
4.5,20.0,0.3859684220929978,-0.1945683606555902,-0.1143905598019478,-0.0435928782799907,-0.0183980740324321,-0.0088276628543358,-0.0039392190873238,-0.0015286672078995,-0.0005163051225792,-0.0001535578179553,-4.061624568137979e-05,-9.601093167136812e-06,-2.012398085195603e-06,-3.491263378885931e-07,-2.4703656010052068e-08,2.675152646217833e-08,2.6007666475898192e-08,1.4659748417598585e-08,-2.471206297551553e-10,-1.718108163359003e-08,-3.4920919594745186e-08,-5.2167294377179e-08,-6.752097725979523e-08,-7.929838939388748e-08,-8.5645450058756e-08,-8.500390089065974e-08,-7.650227764707596e-08,-5.996581394056405e-08,-3.5916188440178335e-08,-6.711963894452327e-09
3.0,15.0,0.163866588994118,-0.0718849839805095,-0.0560044150760058,-0.024747020412629,-0.0079702273045204,-0.0022684574991088,-0.0006702365268497,-0.0002172988737192,-7.24416138295332e-05,-2.283460882914116e-05,-6.501762376570545e-06,-1.6433356470049842e-06,-3.638266158880035e-07,-6.640951810324287e-08,-5.7519431366918866e-09,4.3225610964494645e-09,4.417511348460309e-09,2.512448172057337e-09,-3.795791544644952e-11,-2.955643341158664e-09,-6.005931390639641e-09,-8.960501046148583e-09,-1.1595969318991472e-08,-1.3626793423161665e-08,-1.4718568603440121e-08,-1.4598530418580169e-08,-1.3136048000695334e-08,-1.0307922335394883e-08,-6.165544018843824e-09,-1.1544344644119342e-09
5.0,15.0,0.0274329623278044,-0.006408124887116,-0.0078908250041428,-0.0063563372795128,-0.0038384061452331,-0.0018479612780893,-0.0007383833137147,-0.0002521639648493,-7.513204628271702e-05,-1.977300176998528e-05,-4.621013637401523e-06,-9.56850534520834e-07,-1.7093849033210213e-07,-2.1480897643822536e-08,3.150192734848182e-09,5.770139692670488e-09,4.573609972009223e-09,2.492539732585959e-09,-4.0780467360827536e-11,-2.8901674284957403e-09,-5.874087918993845e-09,-8.777688749260123e-09,-1.1361243230098553e-08,-1.3340392485247111e-08,-1.4407362933813556e-08,-1.4301466430768697e-08,-1.2870817193828769e-08,-1.0083957263295913e-08,-6.039256898116314e-09,-1.1224748191824467e-09
2.0,20.0,0.2416515086803448,-0.1280058469527593,-0.0524004558991677,-0.0340259480464208,-0.0169026357374487,-0.0067666773239474,-0.0023879404225746,-0.0007969336879922,-0.0002571629637061,-7.855929198746905e-05,-2.2026935078231384e-05,-5.54817774904305e-06,-1.2329676931098306e-06,-2.2802830273126093e-07,-2.1817718148730866e-08,1.2932996378052095e-08,1.3814414236080573e-08,7.893752788158721e-09,-1.32557585458337e-10,-9.29479201952041e-09,-1.8890434078789663e-08,-2.8209428383236013e-08,-3.6510596345845014e-08,-4.2887050700640833e-08,-4.632129711175445e-08,-4.596556084186987e-08,-4.136646712696456e-08,-3.243604626329302e-08,-1.9420154934710864e-08,-3.6322079847891432e-09
8.0,25.0,0.2808268858343644,-0.2480734512902925,-0.0312370898181473,-0.0014793604944768,-3.643155555952998e-05,-5.484270751642658e-07,-6.043264372715709e-09,-6.185646679310046e-10,-6.194511108101899e-10,-6.748541407551294e-10,-7.228480656153464e-10,-7.434147620428752e-10,-7.341969035914402e-10,-6.896750088054271e-10,-6.263412717316713e-10,-5.040750243361786e-10,-3.870076920098346e-10,-2.0352428443460928e-10,1.0956078666591288e-11,2.2757589959609155e-10,4.674678647438824e-10,7.210021924394853e-10,9.396837633373936e-10,1.0930847881595971e-09,1.181661575495442e-09,1.1922086349564779e-09,1.078659692097635e-09,8.25057652741103e-10,5.039527876028305e-10,7.696830487270486e-11
4.0,8.0,0.3371597316063759,-0.2170030653703391,-0.084746198612482,-0.0261917975860118,-0.0070449537970051,-0.0017233952631482,-0.0003715510980556,-6.730868740179949e-05,-1.0060290802216966e-05,-1.2423944062975038e-06,-1.257063095904068e-07,-7.922975968290501e-09,2.5234559461998237e-09,3.164919556121208e-09,2.911511323587521e-09,2.434364600681818e-09,1.7846381560945327e-09,9.5638791571816e-10,-2.2818412490616078e-11,-1.1091216531525995e-09,-2.249363753140213e-09,-3.364533318290873e-09,-4.351236587315013e-09,-5.097890627534571e-09,-5.499562489532255e-09,-5.4616797683491614e-09,-4.913645022916976e-09,-3.839635267210105e-09,-2.307248037920794e-09,-4.3596274396176647e-10
5.5,8.0,0.251080437802736,-0.225215449448406,-0.023359868224849,-0.001965839753179,-0.0004243062803783,-9.607494501886712e-05,-1.6489903516544555e-05,-2.1653349123932307e-06,-2.235070755940833e-07,-1.84780652779809e-08,-1.1622533960773942e-09,3.3454508030192147e-11,1.0466264037395408e-10,1.0899362790484628e-10,1.0355264968889352e-10,8.802876223869468e-11,6.576437876641913e-11,3.3758174581134454e-11,-3.635673255943064e-12,-4.231822497570079e-11,-8.174544082794094e-11,-1.1929544757152491e-10,-1.5034280165930855e-10,-1.7074847919358814e-10,-1.79755050949806e-10,-1.7586904319970888e-10,-1.5610525527295732e-10,-1.2043724173904928e-10,-7.676064965658621e-11,-2.6327117134730795e-11
8.0,8.0,0.0350052540007127,-0.0308280036597067,-0.0023544296010739,-0.0012216831349257,-0.0004526228790936,-0.0001202724766904,-2.4004033523292265e-05,-3.724707459438789e-06,-4.616278653675049e-07,-4.656690292194496e-08,-3.731726409317544e-09,-6.855907911369808e-11,1.9319602516918487e-10,2.002008175290611e-10,1.8232812946520157e-10,1.5249856899334116e-10,1.1183068818138192e-10,5.982282149129749e-11,-1.6362997074496452e-12,-6.966675624608478e-11,-1.4094644560040424e-10,-2.1052302377980486e-10,-2.7193190217623976e-10,-3.181995146673713e-10,-3.429174618652213e-10,-3.402908940408213e-10,-3.0595931735839403e-10,-2.3901285150981737e-10,-1.4392828145947148e-10,-2.814598687243197e-11
7.0,10.0,0.1455466437371102,-0.1092748901989866,-0.0210909327576909,-0.0102341837791293,-0.0037120970377149,-0.0009909376267651,-0.0002046433196386,-3.381517483314039e-05,-4.570542946096167e-06,-5.120307109490263e-07,-4.685565274575104e-08,-2.1986244199308728e-09,1.411736501641093e-09,1.589445794583165e-09,1.443828270374632e-09,1.222809718115267e-09,8.783740117221916e-10,4.761928394743021e-10,-2.103865097710936e-12,-5.56245518630216e-10,-1.127744113679753e-09,-1.6700156847224403e-09,-2.158009374723635e-09,-2.542402174101507e-09,-2.745918355991327e-09,-2.712699826548207e-09,-2.4374435995547594e-09,-1.923312389619223e-09,-1.142548036479465e-09,-2.1819121537319143e-10
3.5,15.0,0.0429189316323883,-0.0095733775348828,-0.012063461057099,-0.0100314182464514,-0.0062718358500494,-0.0031127088733994,-0.0012667783774794,-0.0004326192363512,-0.0001261605438341,-3.183056120912415e-05,-7.010733343432921e-06,-1.3501365202558191e-06,-2.202504298855533e-07,-2.201445875692947e-08,7.681890123024237e-09,9.94855960678618e-09,7.634025767925449e-09,4.1381286348067585e-09,-6.726106574222311e-11,-4.791700857331599e-09,-9.738576261142368e-09,-1.4552164555725313e-08,-1.88351677090844e-08,-2.2116184401344155e-08,-2.3884889446886023e-08,-2.3709072916750225e-08,-2.1337037985215176e-08,-1.6716680120500383e-08,-1.0010899069175161e-08,-1.859457952922213e-09
3.0,25.0,0.1048309865062608,-0.0340584511898527,-0.0332077434423389,-0.0197281377922221,-0.0091707510134108,-0.0042024456769641,-0.0021525667686741,-0.0011659662882477,-0.0006123153006637,-0.0003007225603225,-0.0001371890843451,-5.816211529750622e-05,-2.291578880706734e-05,-8.366930252912342e-06,-2.8060073274536466e-06,-8.44044054593642e-07,-2.1471430962091322e-07,-4.351839395632784e-08,-2.010226416347848e-08,-4.2208281991647574e-08,-7.739446447667098e-08,-1.1448587566616989e-07,-1.4802043732729244e-07,-1.7373999813441572e-07,-1.8768474607894962e-07,-1.864892970859671e-07,-1.6797178572614782e-07,-1.316450010605521e-07,-7.917608097513165e-08,-1.5163224944409073e-08
3.0,15.0,0.2530569084543461,-0.1392300136976761,-0.0844493636822964,-0.0246394511714676,-0.0042248318914369,-0.0004737184430407,-3.726697070221898e-05,-2.163880382805116e-06,-9.659283597939233e-08,-3.6897839967605875e-09,-4.2124248626288517e-10,-3.3662811768778194e-10,-3.3079845533884056e-10,-3.069689815510977e-10,-2.867584266746721e-10,-2.1533622085140567e-10,-1.8276192131069164e-10,-9.102620637229211e-11,1.3501157513024895e-11,9.780554407908119e-11,2.0171466858606504e-10,3.2774680481874453e-10,4.288695252035641e-10,4.860270345909283e-10,5.230012734558693e-10,5.414595083706372e-10,4.927224842311761e-10,3.5973719840059193e-10,2.3180408310428147e-10,3.2451255538311755e-11
2.0,15.0,0.2013108597174952,-0.1828623131674754,-0.0138054854810519,-0.0025908219320524,-0.0012867257149247,-0.0005331570520381,-0.0001743622724641,-4.595132433764543e-05,-9.935533853818212e-06,-1.7887074692533408e-06,-2.708445935791324e-07,-3.4005341173178624e-08,-2.645980043274414e-09,8.68602443326251e-10,1.096805093390467e-09,9.55812043079337e-10,6.87370880501256e-10,3.7261986544626396e-10,-1.892232598424216e-12,-4.3656683282970104e-10,-8.834529930815776e-10,-1.305681760345842e-09,-1.6854262928217623e-09,-1.984527515959514e-09,-2.141551802604847e-09,-2.113403864043482e-09,-1.897972033516098e-09,-1.4986627821404598e-09,-8.915663465607417e-10,-1.7640775791610618e-10
3.5,15.0,0.2616046955485309,-0.1296797143358892,-0.0840641893330561,-0.0302429787370725,-0.0098292624460074,-0.0042053077593434,-0.0020663438650888,-0.0009451911137987,-0.0003803241734625,-0.0001341956251921,-4.174350451450493e-05,-1.1500551459084384e-05,-2.802911494496222e-06,-5.877685307963877e-07,-8.753766652116323e-08,9.206567722710605e-09,1.956676572938462e-08,1.197960822469498e-08,-2.7168332038093e-10,-1.4472650774884725e-08,-2.9409385730047254e-08,-4.3963014537990746e-08,-5.6907954359836015e-08,-6.681517965440305e-08,-7.216127316435522e-08,-7.164715126210729e-08,-6.449100651474564e-08,-5.052769857449381e-08,-3.0292984209958577e-08,-5.673425944082732e-09
4.0,8.0,0.1182049052160459,-0.1102192990820703,-0.0061688395775463,-0.0013493372253079,-0.0003619023358226,-8.437676483577508e-05,-1.7486837499657662e-05,-3.1266825509043183e-06,-4.700245304428735e-07,-5.90219047317409e-08,-6.1275896061128434e-09,-4.1789103811629884e-10,1.0505778359179947e-10,1.4206448178564386e-10,1.3326834912549583e-10,1.1224682290109992e-10,8.276500200234017e-11,4.3694167408441845e-11,-2.306284542301345e-12,-5.2166901363984996e-11,-1.0390322251473826e-10,-1.5394459553969167e-10,-1.9725334859775288e-10,-2.2867712734186207e-10,-2.4465057663298187e-10,-2.416617685225065e-10,-2.1641616355393104e-10,-1.6849837194657923e-10,-1.0321985453216671e-10,-2.500638371723073e-11
7.0,8.0,0.0278704044436076,-0.0122297880283297,-0.0098025661078762,-0.0042983109896445,-0.0012378044536766,-0.0002562618168239,-4.020426293472474e-05,-4.939425705892772e-06,-4.858920570781497e-07,-3.865802787288238e-08,-2.197735636403079e-09,2.62166158660624e-10,3.9690413745851836e-10,3.846115806921699e-10,3.4808481392409124e-10,2.9056806412181034e-10,2.1301099642263088e-10,1.1420886221921001e-10,-2.613135490126143e-12,-1.322684487140135e-10,-2.6848711905497496e-10,-4.018591176836538e-10,-5.19961375403903e-10,-6.094458078163364e-10,-6.577212104484436e-10,-6.534200734309426e-10,-5.879887748612515e-10,-4.5944780487278494e-10,-2.758374312363243e-10,-5.1291862414939186e-11
4.5,8.0,0.2692557909918531,-0.2114248933407584,-0.043137954204045,-0.0108999401756495,-0.0029445657659164,-0.0006924518497466,-0.0001325648491627,-2.0514434721318e-05,-2.6003814643674067e-06,-2.734697932352381e-07,-2.328706068666844e-08,-6.653476560873707e-10,1.06436296728831e-09,1.128436926503252e-09,1.0302366391076335e-09,8.616619528088026e-10,6.324984746059062e-10,3.3799762224539637e-10,-9.886556518384244e-12,-3.939743570374008e-10,-7.964516632392445e-10,-1.189530559812609e-09,-1.5359391372728871e-09,-1.7960849904944323e-09,-1.93482204288226e-09,-1.9199078275280674e-09,-1.7259455632500527e-09,-1.347621287500749e-09,-8.125264408861537e-10,-1.607576496236023e-10
5.0,25.0,0.0116461675449711,-0.0017199669242647,-0.0024759159915056,-0.0025200072617643,-0.002048884797654,-0.0013911011830554,-0.0008064744534834,-0.0004046810515001,-0.0001774421996734,-6.84857282386983e-05,-2.340418468125253e-05,-7.112459107099982e-06,-1.92353581991717e-06,-4.569845886545712e-07,-8.807086589552289e-08,-6.7455340223161286e-09,6.631907061089177e-09,4.996018845027732e-09,-1.8540148268698856e-10,-6.499937561607395e-09,-1.3196620267382432e-08,-1.973894637256413e-08,-2.5554780357694386e-08,-2.999817453878655e-08,-3.23997057923806e-08,-3.2180693228547304e-08,-2.89719990053266e-08,-2.269269486535865e-08,-1.361878279824496e-08,-2.559125180335445e-09
4.5,10.0,0.2853859886755229,-0.2508005848506503,-0.0329138786938385,-0.0016288940792045,-4.196343852961432e-05,-6.607401781805722e-07,-7.068549708209162e-09,-1.4221994964135766e-10,-7.638639715969226e-11,-8.716558793908967e-11,-1.0390573830647079e-10,-1.0985536512056348e-10,-1.0568003969459572e-10,-9.089165687594903e-11,-8.551392073223778e-11,-5.2156831228613305e-11,-5.6400735565533515e-11,-2.6084517707387184e-11,7.414515380086e-12,2.220136361260768e-11,5.0062258317912087e-11,9.6555404146383e-11,1.31416333562655e-10,1.448906041038017e-10,1.5792992599711602e-10,1.7549581215633354e-10,1.637627926196114e-10,1.0932442210774928e-10,7.492183927328647e-11,-2.117395500951874e-12
5.5,5.0,0.0358123625733761,-0.0305568786461174,-0.0049396357762935,-0.0003057359155776,-9.912536105115585e-06,-1.970313632247528e-07,-2.64118912089007e-09,-2.6605321647971816e-11,1.3013051725295965e-12,1.0091219640895533e-12,-4.0359562124310683e-13,-8.275366634318859e-13,-4.323846011856818e-13,8.041784971127112e-13,2.346392901851352e-13,2.6851991900340378e-12,-4.1484791026108043e-13,3.374494646062811e-13,9.128620983539092e-13,-1.400028217547923e-12,-2.2360382399688845e-12,-5.609698605400309e-13,7.214055476995584e-14,-1.170210033895095e-12,-1.1103942666789909e-12,1.2901093097841413e-12,1.8964222521972322e-12,-9.622424000681634e-13,6.864421006070249e-13,-1.8207698176797723e-12
4.0,5.0,0.0417741784287817,-0.0389800029314292,-0.0022182188948195,-0.0004545071673126,-0.0001026314123528,-1.6625278716063708e-05,-1.994355178619869e-06,-1.840348777916292e-07,-1.3407462639397581e-08,-7.653117118095274e-10,-1.2224567563599196e-11,2.4702781127677982e-11,2.6501982774123428e-11,2.6778961500750093e-11,2.378269230943436e-11,2.264640400069113e-11,1.397910487100898e-11,8.083197211370971e-12,7.791376077004416e-13,-1.0551198866454539e-11,-2.0661732628713444e-11,-2.7769372193269643e-11,-3.495663558446282e-11,-4.225526456011464e-11,-4.53418207715183e-11,-4.232736469448547e-11,-3.7221714411180997e-11,-3.177427457170801e-11,-1.7759627985684318e-11,-5.711813125170785e-12
8.0,8.0,0.1160618109365888,-0.0967263830749432,-0.0153615011140451,-0.0030999789801308,-0.0007257302223138,-0.0001291762744837,-1.713236476332822e-05,-1.755123605050911e-06,-1.42994857289716e-07,-9.339022071972e-09,-3.5196041981630035e-10,1.4969756919240474e-10,1.729042656159436e-10,1.6816909422105216e-10,1.5414333463622297e-10,1.2926520972198395e-10,9.533175442038388e-11,5.0476286011687575e-11,-2.365062530225784e-12,-5.97691411502984e-11,-1.1961618821423695e-10,-1.7783854703999648e-10,-2.2846124128005228e-10,-2.6548128182205717e-10,-2.8464132837242794e-10,-2.8171527326204316e-10,-2.5262953939398184e-10,-1.966994911578414e-10,-1.1996441784831996e-10,-2.7244006129711223e-11
5.0,25.0,0.2956400502913904,-0.0941567380971874,-0.0907831868130645,-0.0566493418079454,-0.0293542422632664,-0.0140165062071849,-0.006254510584842,-0.0026256008363268,-0.0010689573530134,-0.0004356978174763,-0.0001786883774494,-7.214983590140796e-05,-2.7870601803903835e-05,-1.0063765503685133e-05,-3.3275452097391937e-06,-9.736692762358754e-07,-2.320131586781449e-07,-3.954923707159154e-08,-2.2432124173258973e-08,-5.9028198620748176e-08,-1.1089458171037064e-07,-1.6447703162359297e-07,-2.1273150978685935e-07,-2.497449540792272e-07,-2.697848114379928e-07,-2.67994583534897e-07,-2.4134401659696254e-07,-1.8917214994114093e-07,-1.1366852569300293e-07,-2.166403953818185e-08
7.0,8.0,0.0220278861187715,-0.0126423802351137,-0.0052164828835388,-0.0028314577013997,-0.0010193957131179,-0.0002605403340347,-4.948290707158846e-05,-7.226656573685279e-06,-8.336741595748402e-07,-7.736387802178314e-08,-5.533250793798839e-09,6.535022513008341e-11,4.2436333387422806e-10,4.2345955331391406e-10,3.837493174407803e-10,3.204842892334033e-10,2.3480520930040683e-10,1.259422986853361e-10,-2.798188121256184e-12,-1.4586771205361018e-10,-2.9610346898215435e-10,-4.4307355029766616e-10,-5.732818567456062e-10,-6.720630384109855e-10,-7.253337268350856e-10,-7.20489580746763e-10,-6.483288244202746e-10,-5.067536404025388e-10,-3.041474778095641e-10,-5.658898788333461e-11
6.0,10.0,0.2890358038307115,-0.2409671960563639,-0.041812341474891,-0.0047191027751641,-0.00104545625196,-0.0003554108774242,-0.0001050778837518,-2.5248633631766128e-05,-5.0018212727629406e-06,-8.304228125006986e-07,-1.1667299045216725e-07,-1.34690761970795e-08,-6.93831560759888e-10,6.482217872190963e-10,6.952612538948904e-10,6.118238955033256e-10,4.265609870756713e-10,2.344840300629632e-10,4.192500107853375e-12,-2.7970555663210356e-10,-5.634917446344752e-10,-8.184543217936285e-10,-1.0528424143924923e-09,-1.247405873191979e-09,-1.3461982446419655e-09,-1.31602830222292e-09,-1.1781854542684875e-09,-9.439278724098074e-10,-5.538406563563149e-10,-1.1793652293649272e-10
5.0,8.0,0.1332658225590881,-0.1192049097692101,-0.0114108572263789,-0.002011754771305,-0.0004807188608156,-0.0001211222010104,-2.9224715395042064e-05,-6.040475864789229e-06,-1.0295932296748489e-06,-1.4474776029202458e-07,-1.6803969760525644e-08,-1.44471697864194e-09,1.0651200886476156e-10,2.3153697876162604e-10,2.2070978941075456e-10,1.8568627289306115e-10,1.3664851501211847e-10,7.256053751594061e-11,-3.0122096331831414e-12,-8.56367919066148e-11,-1.7175839332106078e-10,-2.5542858590431776e-10,-3.2846674101592287e-10,-3.8234760509681126e-10,-4.103864470487172e-10,-4.0624246322820286e-10,-3.6446926613461487e-10,-2.8417217545147904e-10,-1.7279440203371503e-10,-3.8297285794696296e-11
7.0,25.0,0.0171878519943841,-0.0041871266164957,-0.005105047084389,-0.0040216656731521,-0.0023260656886083,-0.0010396067364082,-0.000369795913479,-0.0001068936630729,-2.552573900873111e-05,-5.104481259765555e-06,-8.638539162534575e-07,-1.2365719560392597e-07,-1.3671402564858356e-08,3.0498486692678176e-10,1.6700077444045672e-09,1.5277209362064027e-09,1.119263128843304e-09,6.043625780906166e-10,-7.33455384292297e-12,-6.99972493254319e-10,-1.4224262590147095e-09,-2.1209395391017484e-09,-2.744660666640322e-09,-3.226472293427666e-09,-3.4852922556775472e-09,-3.4557706339146038e-09,-3.109169993132379e-09,-2.4407820151980302e-09,-1.458096047362961e-09,-2.7133349045315107e-10
5.0,5.0,0.0308396817617698,-0.0244737343740062,-0.0051859882058494,-0.0009613970859439,-0.0001838750697729,-3.02667196246126e-05,-3.971585794191364e-06,-4.118492547658792e-07,-3.418748520098279e-08,-2.271783755981974e-09,-7.841646442606685e-11,4.712423139878486e-11,5.2913501487819555e-11,5.169390707080229e-11,4.606119137805094e-11,4.093635954537677e-11,2.7529158337717736e-11,1.5392274653114232e-11,6.940725971230268e-13,-1.8735886206987678e-11,-3.7563787742244795e-11,-5.348978379653865e-11,-6.854892958599224e-11,-8.183118822335383e-11,-8.832367151335337e-11,-8.540573264940122e-11,-7.618811868939376e-11,-6.207643012640992e-11,-3.5810419719251366e-11,-8.192636101618278e-12
6.0,25.0,0.3226469686735398,-0.258070271388238,-0.0527918974850797,-0.0085215943255079,-0.0021727478052813,-0.0006379819416313,-0.0002289593229018,-0.0001104304818824,-5.898285097544243e-05,-3.014191666364839e-05,-1.4153648236460622e-05,-6.071914465035558e-06,-2.381220678297272e-06,-8.53370375769734e-07,-2.778569994510878e-07,-8.041799090338184e-08,-1.9471699835281018e-08,-3.6070035720096556e-09,-1.616807107473744e-09,-3.711700456660971e-09,-6.899808308607621e-09,-1.0204091964245202e-08,-1.3192160526907892e-08,-1.5500131167857113e-08,-1.6744846335487965e-08,-1.6616252694147774e-08,-1.496114139292729e-08,-1.175218008818148e-08,-7.057757898763481e-09,-1.3743075072002563e-09
5.5,8.0,0.0231576977806467,-0.0230609900061602,-9.656442520176952e-05,-1.4324311801339094e-07,-1.0899744485549866e-10,-1.3835666953587625e-12,-1.1905534357515288e-12,-2.8054944198634084e-12,-9.842325559760314e-13,-1.533939899009976e-12,-2.7193756089358936e-12,-3.1086422809949718e-12,-2.737511745533979e-12,-1.970264218007533e-12,-1.2833298612909613e-12,-8.831735435276985e-13,-5.428574053853551e-13,-4.412897398991977e-13,-2.778701036592322e-13,1.667780106679968e-13,7.753274981480125e-13,1.5044313944717069e-12,2.37092794992e-12,3.3334546936448893e-12,4.067444561304889e-12,4.344788934195213e-12,4.139649873694738e-12,3.370057377081757e-12,1.5725741102319188e-12,-9.786309290200398e-13
5.5,5.0,0.0940382097441945,-0.0921434263384861,-0.0018810215121563,-1.3710856543078322e-05,-5.0927493677975096e-08,-1.1686570208333735e-10,-1.3792588407361138e-12,-7.108715059898659e-12,4.505545224741132e-13,-1.334112580849031e-12,-5.881559884535792e-12,-7.307582332095993e-12,-5.970099041120958e-12,-2.3312347754515468e-12,-2.6157050052353403e-12,3.5367359997884335e-12,-2.591548174737679e-12,-3.227009050374024e-13,1.7430450891594125e-12,-2.251049989965843e-12,-2.76260676852342e-12,2.42110128720321e-12,5.385008470013904e-12,4.119397324724095e-12,5.284713903155177e-12,1.0912454826139786e-11,1.1727344147138423e-11,3.846471802708102e-12,4.64079266314557e-12,-4.843660199438754e-12
6.0,8.0,0.0723877130055236,-0.0347770435537176,-0.0246680590706908,-0.0095232974555002,-0.0026294250380434,-0.0006232205841766,-0.0001354799527608,-2.618660409406075e-05,-4.318954149547645e-06,-5.977084590582348e-07,-6.865796687968506e-08,-5.636625752331144e-09,6.989842595185035e-10,1.1856419095107416e-09,1.1086604996393763e-09,9.27935608145854e-10,6.800148918774075e-10,3.647728403373324e-10,-8.037935164099e-12,-4.2231535768963896e-10,-8.573890791280791e-10,-1.2830653289793841e-09,-1.660208485364241e-09,-1.946328222630819e-09,-2.100675547634953e-09,-2.086748526139477e-09,-1.877825527138763e-09,-1.4677906062302703e-09,-8.810166746935075e-10,-1.639270019798751e-10
6.0,5.0,0.2967880655329033,-0.2448683384485738,-0.0480304074013553,-0.0037320367360767,-0.0001533369613463,-3.878788010497268e-06,-6.63285675561354e-08,-8.15612866259405e-10,1.6360962492699658e-11,2.107853620462892e-11,1.0536776790414675e-11,7.498897220387814e-12,1.0468040199092294e-11,1.995327687064795e-11,1.3348377315879144e-11,3.244635238830046e-11,3.1603483838479817e-12,6.6519320737407596e-12,8.011236800325122e-12,-1.6122617975807514e-11,-2.7851934651505646e-11,-1.7959538622902496e-11,-1.6727075982969397e-11,-3.0874653846735805e-11,-3.238907630813559e-11,-1.1818334916019722e-11,-4.506146194330872e-12,-2.4668374197216607e-11,-3.5487777437744425e-12,-1.6388571131947476e-11
2.0,5.0,0.0237982748664177,-0.0191105367687973,-0.0039722670649562,-0.0005901987693577,-0.0001050195212175,-1.758427513054286e-05,-2.3840078102461864e-06,-2.595893722979442e-07,-2.2959339503225152e-08,-1.643815682658244e-09,-7.089010877433172e-11,2.567877095651329e-11,3.05683660821277e-11,3.0134788047649954e-11,2.676819675159576e-11,2.4203378393020773e-11,1.5903531244643268e-11,8.989256274893296e-12,5.58858234008525e-13,-1.1103281734927483e-11,-2.2169883765776737e-11,-3.113314096271215e-11,-3.977007208837265e-11,-4.769166382126698e-11,-5.145441032522129e-11,-4.936204929890983e-11,-4.3912234881460305e-11,-3.619921987967257e-11,-2.067074012566546e-11,-5.048132995834255e-12
4.5,8.0,0.0218096965338624,-0.007555902225696,-0.0075335005181616,-0.0043888624314578,-0.0017225345798383,-0.0004863871834152,-0.0001031014878997,-1.69366324716355e-05,-2.2110839129399605e-06,-2.3364993026613681e-07,-1.96556458506672e-08,-6.022516354929298e-10,8.054585701823511e-10,8.521513364703632e-10,7.744577418488932e-10,6.46854420693095e-10,4.73746512887727e-10,2.5425387642829527e-10,-5.366611916175285e-12,-2.942217106178344e-10,-5.9759568815017e-10,-8.94381790168652e-10,-1.15753629231753e-09,-1.3574997673854295e-09,-1.465485236152449e-09,-1.4558561579504731e-09,-1.3102136893457755e-09,-1.0243298787113082e-09,-6.1439457790596e-10,-1.1340049284821975e-10
7.0,10.0,0.0448270188035555,-0.020871997787454,-0.0157195097352313,-0.0062867494059395,-0.0016121401125891,-0.0002922514069063,-3.976496850617385e-05,-4.219507337182042e-06,-3.580077186970887e-07,-2.4459275762804093e-08,-1.0523435843377731e-09,3.1021836530004467e-10,3.7266084363088056e-10,3.591673211866633e-10,3.2189154857714847e-10,2.748941911586238e-10,1.94729120639728e-10,1.0643965998308436e-10,9.659717655909304e-13,-1.2489903801310678e-10,-2.5323021882706416e-10,-3.725291185386235e-10,-4.812218460368173e-10,-5.691797775156703e-10,-6.153080775358161e-10,-6.057817438187538e-10,-5.439074475685183e-10,-4.3197777931090435e-10,-2.5451922103869964e-10,-4.860944194300015e-11
8.0,8.0,0.2215668054373208,-0.1376445504772357,-0.0639584200776096,-0.0167812174517791,-0.0028305773501063,-0.0003239264244494,-2.6428823915445352e-05,-1.6052374636005194e-06,-7.483009192802236e-08,-2.3706694660562936e-09,3.5727142686651267e-10,4.484190929354849e-10,4.4868910698259324e-10,4.3088523399509614e-10,3.9269163323772604e-10,3.2791321958832093e-10,2.418752292339289e-10,1.2860081211336102e-10,-4.956751711802207e-12,-1.505641946185211e-10,-3.0335457221645835e-10,-4.5314851169624496e-10,-5.842350086257827e-10,-6.811543362506373e-10,-7.325036080091864e-10,-7.268927044534791e-10,-6.530644563040232e-10,-5.085732894700439e-10,-3.0831174574040235e-10,-6.367517596321798e-11
5.5,20.0,0.29729969234003,-0.1529602999964857,-0.0904356678072206,-0.0303892588243478,-0.0108937768855079,-0.0058067816683149,-0.0034253045075886,-0.0018574753994852,-0.0009011851162702,-0.0003928269470048,-0.0001548697137821,-5.551310525596354e-05,-1.813946928857156e-05,-5.383371693245266e-06,-1.417152105810307e-06,-2.985075011738223e-07,-2.4706915629023654e-08,1.629447894790029e-08,-4.698224935044391e-09,-4.295621335206955e-08,-8.595646555837539e-08,-1.2842046239339306e-07,-1.662476568214152e-07,-1.9516322111666854e-07,-2.108012206751237e-07,-2.09395407054317e-07,-1.8854237988870858e-07,-1.477145150719414e-07,-8.870840276160347e-08,-1.678139219550237e-08
5.0,5.0,0.123031138834941,-0.1114178205489901,-0.0099282108529357,-0.0013853049605486,-0.0002576200433839,-3.75767252350098e-05,-4.206241511204915e-06,-3.713281544729613e-07,-2.6274901253435623e-08,-1.458863472769342e-09,-1.2879040491023856e-11,5.6571606064306954e-11,6.031826215936858e-11,6.186097489858178e-11,5.4489835311367984e-11,5.3871449200153526e-11,3.155229466295056e-11,1.8732610116686046e-11,2.550947386549207e-12,-2.519897257072052e-11,-4.8975733851427636e-11,-6.386661169687879e-11,-7.981064859544633e-11,-9.75554255619702e-11,-1.0461389355000463e-10,-9.581031849239864e-11,-8.366506817647715e-11,-7.35167146958111e-11,-4.0053570041325736e-11,-1.4396083328245732e-11
3.0,8.0,0.0330445808596644,-0.0328432095606994,-0.0002009349191811,-4.359015345787565e-07,-4.821335095350977e-10,-2.268156264705702e-12,-1.7518844520387239e-12,-4.059341011019897e-12,-1.4729162005457778e-12,-2.2616405155840738e-12,-3.953865242340245e-12,-4.510417156152452e-12,-3.981528186795172e-12,-2.8854948103476058e-12,-1.8998827456509943e-12,-1.3196337807166774e-12,-8.188966680829004e-13,-6.553779726630313e-13,-4.000598921654906e-13,2.593415695366452e-13,1.1531793621235197e-12,2.217569375727976e-12,3.4750409536910498e-12,4.864612781820052e-12,5.920261412626634e-12,6.3146638064313546e-12,6.010486666853577e-12,4.891222860261311e-12,2.295505307439824e-12,-1.3805433687665733e-12
5.0,20.0,0.3047322938970072,-0.2201285378231333,-0.0443331391122744,-0.0185696127254128,-0.0114222713917997,-0.0060037751139931,-0.0026760213114343,-0.001048916852332,-0.0003734441853646,-0.0001233874634903,-3.810483342646279e-05,-1.0942587736933731e-05,-2.8811739792021086e-06,-6.73258392463218e-07,-1.224833382157898e-07,-1.5997619010255442e-09,1.6472157076646993e-08,1.10894758888334e-08,-3.420766305030712e-10,-1.399900087495599e-08,-2.842031084601672e-08,-4.246932491455172e-08,-5.4971386154376526e-08,-6.454920940630313e-08,-6.971486368946083e-08,-6.920739866059314e-08,-6.229229002613043e-08,-4.881842558419391e-08,-2.926212995680417e-08,-5.489560043829041e-09
6.0,8.0,0.0098578683362642,-0.0098408515661946,-1.7006368376200318e-05,-1.0399225197251762e-08,-3.658903223587026e-12,-5.526757617136153e-13,-4.874972967260449e-13,-1.1738817136739917e-12,-3.939347452781942e-13,-6.263965394032445e-13,-1.1307679591095479e-12,-1.2960650087994257e-12,-1.137755318916896e-12,-8.113991526887547e-13,-5.208561551386208e-13,-3.5372018798199173e-13,-2.141768702950044e-13,-1.7755516688878045e-13,-1.158339674220092e-13,6.456197713655458e-14,3.145945185829265e-13,6.164684363437123e-13,9.778935347323565e-13,1.381959862078362e-12,1.6914758689353878e-12,1.8100723556902297e-12,1.7267581632684168e-12,1.4066439509984474e-12,6.523017915067834e-13,-4.2120265655959706e-13
4.5,25.0,0.3787516578987893,-0.2660068247297174,-0.0904608413601879,-0.0161799696917062,-0.0037987268934098,-0.0014851985951327,-0.0005713381662329,-0.0001847439947793,-4.993793753394999e-05,-1.1404196264815295e-05,-2.22249541274854e-06,-3.718490048343345e-07,-5.2506791546810064e-08,-4.921914426001459e-09,1.074841406718357e-09,1.519204642541169e-09,1.122526913477126e-09,6.178970305081928e-10,7.26877677257837e-12,-7.257064316885603e-10,-1.4699495493771923e-09,-2.1575074555005703e-09,-2.784446950565355e-09,-3.293790078736605e-09,-3.559285693383945e-09,-3.4999228521808238e-09,-3.141426514612825e-09,-2.5000925732611396e-09,-1.475328931288732e-09,-2.9496453830525074e-10
4.0,10.0,0.0887028620886808,-0.079261163593345,-0.0042565210702034,-0.0024796869771014,-0.0015354581213917,-0.0007482154802587,-0.0002940455283103,-9.498357653153736e-05,-2.5594328215941783e-05,-5.823178489783088e-06,-1.128940697795591e-06,-1.863055223018273e-07,-2.4311225337421263e-08,-3.7490955706439345e-10,2.44333352096063e-09,2.342805915056931e-09,1.7297328370637971e-09,9.336036467594431e-10,-1.3442952139078774e-11,-1.0825330472217364e-09,-2.198344644008353e-09,-3.2785830981017957e-09,-4.241450639849738e-09,-4.9826331723267665e-09,-5.380428651421963e-09,-5.335301292435389e-09,-4.799575924746208e-09,-3.765255946980597e-09,-2.251872526116501e-09,-4.2230561455378287e-10
7.0,8.0,0.0668806936816309,-0.0423735921225564,-0.0198243660466795,-0.0041528798442348,-0.0004908299468625,-3.702094536755398e-05,-1.929046444919413e-06,-7.338921718821792e-08,-2.082952279480073e-09,-9.086590835269702e-13,4.727014594081671e-11,4.875639136571489e-11,4.8971658349966876e-11,4.771588303966918e-11,4.413900120471983e-11,3.6889296045796256e-11,2.7527999281359468e-11,1.4406185249368375e-11,-9.860749944288442e-13,-1.7213575155294585e-11,-3.419795534388364e-11,-5.0887261907349446e-11,-6.515663156786754e-11,-7.518282354872003e-11,-8.028387343115613e-11,-7.948734628081048e-11,-7.118875822852031e-11,-5.506993388681476e-11,-3.4047638036648025e-11,-8.435600542246038e-12
4.0,10.0,0.2569357909176873,-0.1787816869413371,-0.0582605021103291,-0.0151188112937127,-0.0035553358482701,-0.0008936428116879,-0.0002411898460199,-6.455157932275929e-05,-1.5865530597233584e-05,-3.428611076792077e-06,-6.402494265652975e-07,-1.0172017931378633e-07,-1.2221044621949054e-08,5.573671879867784e-10,1.937640146139287e-09,1.7908765262477187e-09,1.2962459790975756e-09,7.043099398626332e-10,-1.7018902184746856e-12,-8.228725602512914e-10,-1.66836818704011e-09,-2.4683395520990784e-09,-3.189279504245182e-09,-3.759085749758161e-09,-4.060314147242416e-09,-4.009302319106224e-09,-3.602216364305617e-09,-2.84525782799988e-09,-1.6893840788852771e-09,-3.249153933153798e-10
3.5,25.0,0.2289510522886545,-0.2115995397906759,-0.016850746485393,-0.0004932580253846,-7.439896214381738e-06,-6.848992057950348e-08,-7.219576636169836e-10,-3.5840459221815517e-10,-3.7657026853823727e-10,-4.117213782440647e-10,-4.439255992850407e-10,-4.5729239493140263e-10,-4.508305603395209e-10,-4.2140504789514414e-10,-3.8276112731725635e-10,-3.047812192756732e-10,-2.369729443228454e-10,-1.2405990049664992e-10,7.565558017690791e-12,1.371243449244022e-10,2.8293329520632937e-10,4.4031259743991535e-10,5.75306110358674e-10,6.681976368935514e-10,7.229843667656044e-10,7.327025727542797e-10,6.64041286804853e-10,5.050725479189092e-10,3.0963538403141735e-10,4.365254428986089e-11
5.0,5.0,0.0285399535741007,-0.0272129419678223,-0.0013041899803345,-2.2619614724811024e-05,-2.009268682250384e-07,-1.08286488397786e-09,-4.3424250672080286e-12,-2.196296213982201e-12,3.12656137805881e-14,-5.029005275271314e-13,-1.848894252731522e-12,-2.2708527509847243e-12,-1.8805178372253374e-12,-7.839080917410209e-13,-9.098911456270187e-13,1.02381706172795e-12,-8.854052317164158e-13,-1.2671931364797366e-13,5.7083610462067e-13,-6.487559233552194e-13,-7.830026706817864e-13,8.607608340593371e-13,1.7868235614442785e-12,1.3632624038104272e-12,1.6991387683302374e-12,3.441865492864895e-12,3.676878759215978e-12,1.1949497267062752e-12,1.4835012681110078e-12,-1.4188193915475204e-12
6.0,5.0,0.1778471075183629,-0.1434424721577524,-0.0286271475632141,-0.0048177714752255,-0.000813559249961,-0.0001274912417338,-1.6752365942574056e-05,-1.756206680090711e-06,-1.459495350746069e-07,-9.56096904113191e-09,-3.106532599333533e-10,2.0405491777383108e-10,2.2730032885505835e-10,2.23476271058008e-10,1.9847168571919487e-10,1.7956775211461914e-10,1.1789163768697707e-10,6.665676161609904e-11,4.172931539496004e-12,-8.23979665802372e-11,-1.6448398191683208e-10,-2.3085967507845448e-10,-2.9485797194263936e-10,-3.5363485973123127e-10,-3.8151889193740207e-10,-3.6589066640777e-10,-3.2545507619731536e-10,-2.6840289751736987e-10,-1.5321643361719483e-10,-3.7531153079834877e-11
7.0,8.0,0.0522439961694364,-0.0216954114689328,-0.0182694718889016,-0.0086725481035598,-0.002793026661117,-0.0006679524955464,-0.0001245094389022,-1.8572421108452943e-05,-2.253105838604799e-06,-2.244469758493084e-07,-1.7695155706084058e-08,-1.6361312907100455e-10,1.0749433542788048e-09,1.0964484251103312e-09,9.948068379752471e-10,8.30697399110817e-10,6.086561893295723e-10,3.265114225822675e-10,-7.158320804568125e-12,-3.7797965214622455e-10,-7.674964096465561e-10,-1.148695252870362e-09,-1.4864902557445082e-09,-1.742830547350845e-09,-1.881193393992311e-09,-1.868852707934709e-09,-1.6818074190212575e-09,-1.3145260897302564e-09,-7.888030163373021e-10,-1.4611582495902454e-10
7.0,25.0,0.2934713352928642,-0.2262732717805915,-0.0373551303812296,-0.0124742016503627,-0.0083546675116189,-0.0049678963080188,-0.0024708505942695,-0.0010409154203956,-0.0003756331073945,-0.0001171727272859,-3.182837486260287e-05,-7.565258376982719e-06,-1.5662164363862138e-06,-2.666105327761175e-07,-2.043217196303716e-08,1.7256511062421957e-08,1.7042052890014044e-08,9.597591166144678e-09,-1.6046656223142578e-10,-1.1225742371469776e-08,-2.281814678073848e-08,-3.409290866335605e-08,-4.4126656721983294e-08,-5.181754605415538e-08,-5.596318694530035e-08,-5.5548788527923973e-08,-4.999496216360034e-08,-3.918435051686368e-08,-2.347965614327544e-08,-4.400565496224496e-09
5.5,25.0,0.2224466637007015,-0.1617510964100162,-0.0248633966372331,-0.0152542199511217,-0.0103072466299075,-0.0057589606835548,-0.0027400026436788,-0.001142259338212,-0.0004257053365461,-0.0001434584468421,-4.388409646679538e-05,-1.2167875792344849e-05,-3.035479959361916e-06,-6.621622828893946e-07,-1.0851778921958365e-07,3.6665391867921116e-09,1.7969653717173125e-08,1.1463024215446436e-08,-2.8828100527885845e-10,-1.4073702443680189e-08,-2.859275087651165e-08,-4.2736786870791254e-08,-5.532029156420869e-08,-6.495619811941467e-08,-7.01554142344066e-08,-6.965174067393908e-08,-6.269544583540532e-08,-4.9130159907590415e-08,-2.945571217208535e-08,-5.5279299652532965e-09
6.0,5.0,0.0078665604557973,-0.0042337257721395,-0.002656862211126,-0.0008107377101787,-0.0001463484709518,-1.7346328542991372e-05,-1.4463341409978817e-06,-8.913751998052158e-08,-4.191299005478402e-09,-1.2709721258828646e-10,2.7498382499117342e-11,3.290085067644858e-11,3.276654753279726e-11,3.147678320856927e-11,2.8087813044772767e-11,2.4323743978817e-11,1.6892545942399054e-11,9.327142653834903e-12,2.367067243041903e-13,-1.1059257979463756e-11,-2.237191464558585e-11,-3.255251008279001e-11,-4.1974540722798505e-11,-4.9870390836500505e-11,-5.3928626875781535e-11,-5.2783416304886235e-11,-4.7308252717908466e-11,-3.792766461630942e-11,-2.2130684768655028e-11,-4.390033447515645e-12
5.5,15.0,0.3436622439389377,-0.2212064560410533,-0.0923395765427994,-0.0222922101216192,-0.0053808763554195,-0.0017107174269747,-0.0005450893585527,-0.0001471656289391,-3.2885374999325626e-05,-6.132466121376078e-06,-9.63307980499032e-07,-1.262212180644576e-07,-1.1145612304258784e-08,2.276806281510891e-09,3.289827537301533e-09,2.886044733568757e-09,2.082987140191611e-09,1.1294252572147115e-09,-5.274173155789309e-12,-1.316458558993622e-09,-2.670488665326816e-09,-3.958392376120822e-09,-5.116640159030399e-09,-6.026965372538685e-09,-6.509725936275227e-09,-6.434521528882678e-09,-5.783360273043316e-09,-4.56096955848797e-09,-2.712300375059749e-09,-5.175719216025037e-10
5.0,8.0,0.004305436060316,-0.001714392255869,-0.0015279957611118,-0.0007562765450286,-0.0002423869004306,-5.4241225062241966e-05,-8.909375974355509e-06,-1.1149708008678842e-06,-1.0943260959203056e-07,-8.56338268054554e-09,-4.746896470606594e-10,5.6551124264682335e-11,8.465037236777239e-11,8.192906922306056e-11,7.412027336353706e-11,6.187602014513203e-11,4.534590330301877e-11,2.432260233316675e-11,-5.383185897498447e-13,-2.8154797319185813e-11,-5.716804880830538e-11,-8.556952518903017e-11,-1.1073233601965832e-10,-1.2981875412288108e-10,-1.4012155438391358e-10,-1.3920795406638075e-10,-1.2527530570837259e-10,-9.790638146557579e-11,-5.875670058528774e-11,-1.0884060053615592e-11
7.0,15.0,0.276226168153145,-0.2169770849420264,-0.0514054318580122,-0.0072191941043306,-0.0005925552545301,-3.077937793398028e-05,-1.0947539898051378e-06,-2.8551489632193717e-08,-8.692508043129025e-10,-3.5528827370458805e-10,-3.754212433580209e-10,-3.8726914805100287e-10,-3.8169776714522096e-10,-3.5430439933936327e-10,-3.2469188198034493e-10,-2.5210004622297127e-10,-2.0294723615782222e-10,-1.0438506447956735e-10,9.563747775396392e-12,1.1344256490741528e-10,2.348160980226589e-10,3.72586882729963e-10,4.87880465344427e-10,5.620967625319441e-10,6.079374351530778e-10,6.219629814551743e-10,5.649977907447283e-10,4.2313493859601926e-10,2.6362546835787395e-10,3.456970025374112e-11
4.0,10.0,0.2663500415756536,-0.2380445204746601,-0.0266168259039389,-0.001412515496983,-0.0001909244447414,-6.248041152439895e-05,-1.7830157250465108e-05,-4.062636320096276e-06,-7.5089310715351e-07,-1.1444986161087372e-07,-1.4558083883301562e-08,-1.5234664203396671e-09,-8.565956540603593e-11,5.564897110393073e-11,5.702021378475991e-11,6.628840333657639e-11,3.155667826069556e-11,2.084489354162505e-11,5.971143475400474e-12,-3.160255717250435e-11,-5.950898283586601e-11,-6.878602912427311e-11,-8.294297747585177e-11,-1.0585944384948076e-10,-1.1282155438275775e-10,-9.463601169670207e-11,-7.969692090818044e-11,-7.982129288649997e-11,-3.918470582261188e-11,-2.2321127421835647e-11
8.0,15.0,0.352754351567215,-0.2700882779213133,-0.0689531242727342,-0.0094617253808436,-0.0023846645690642,-0.0011130579579765,-0.0004897566716752,-0.0001833660755678,-5.886275100721923e-05,-1.6402439644883677e-05,-4.006458551767778e-06,-8.619553214737925e-07,-1.6114974664226076e-07,-2.2992503877961743e-08,8.2169534158555e-10,3.8331871311227164e-09,3.154867014450082e-09,1.7371218532600992e-09,-2.016470956917845e-11,-2.0263076378828677e-09,-4.113439583850534e-09,-6.122550869738185e-09,-7.918069211925197e-09,-9.308885003618426e-09,-1.0052071670872531e-08,-9.957591825983177e-09,-8.955674663164557e-09,-7.038368619976699e-09,-4.2049981558321615e-09,-7.99900958365511e-10
5.5,10.0,0.2504186915036283,-0.2005764226360838,-0.0395641487301365,-0.0075995087470564,-0.0020449348466826,-0.0005076996072158,-0.0001045418230098,-1.827078723981265e-05,-2.756179899490013e-06,-3.5912064338337013e-07,-3.97445533555415e-08,-3.121717190957455e-09,4.826667316116826e-10,7.598593160489573e-10,7.01079177245448e-10,6.077471799683512e-10,4.2410662172380204e-10,2.3302401563904886e-10,4.0278352899128536e-12,-2.7726219492712336e-10,-5.59226706176694e-10,-8.13762788373266e-10,-1.0476169869027551e-09,-1.2412454432194415e-09,-1.340097907495333e-09,-1.311442311731997e-09,-1.1746391752848447e-09,-9.399969798353932e-10,-5.51486916337842e-10,-1.1491271747166072e-10
4.0,10.0,0.0913159850212964,-0.0510971108106611,-0.0301639368097944,-0.0084941559518878,-0.0013986956870728,-0.0001501469868716,-1.1285770589939157e-05,-6.251061834702846e-07,-2.641079071434736e-08,-7.590809218395982e-10,1.1030911799015899e-10,1.3651851543204348e-10,1.3624878487093458e-10,1.3279490064959838e-10,1.1622980704177688e-10,1.0663219122508223e-10,6.804092300574393e-11,3.9337044749832624e-11,3.850598467887563e-12,-4.8498555676211866e-11,-9.741116301964008e-11,-1.3552641800746428e-10,-1.735864795108899e-10,-2.1048751031008598e-10,-2.2811202193451712e-10,-2.1788576563113127e-10,-1.93908467439901e-10,-1.6190150827847374e-10,-9.050248227287808e-11,-2.0467754460139505e-11
4.0,20.0,0.1185708970044276,-0.0346206554106843,-0.0377969778952725,-0.0256532799544211,-0.0127177449448735,-0.0050899518408166,-0.0018012591302043,-0.000605913346747,-0.0001986568950424,-6.219688128748597e-05,-1.7998825953828104e-05,-4.703099910858913e-06,-1.0898131182081474e-06,-2.133151042227608e-07,-2.5236291036074444e-08,8.508423915762572e-09,1.0567608595365797e-08,6.160179750575266e-09,-1.1259518479336316e-10,-7.306942419290264e-09,-1.4850724636785622e-08,-2.218344127161276e-08,-2.8713399715908235e-08,-3.3725399731331566e-08,-3.6426605186425184e-08,-3.6152700224344633e-08,-3.2537581851960785e-08,-2.5508211549886825e-08,-1.5276334300963887e-08,-2.854825697432926e-09
3.0,8.0,0.150097239149502,-0.1149755176346579,-0.0227211878830785,-0.0091749433171691,-0.0026156287597126,-0.0005229104061678,-7.737449863925214e-05,-8.815397420375198e-06,-7.958512928439584e-07,-5.76370627210513e-08,-2.757473222219073e-09,6.148683580238166e-10,7.816067765484333e-10,7.546385016840608e-10,6.84726557518177e-10,5.722528332108816e-10,4.199820250722376e-10,2.2456372875315718e-10,-6.3145622451641186e-12,-2.614359433542921e-10,-5.289534902587746e-10,-7.904175754710979e-10,-1.021050267746368e-09,-1.194538649720157e-09,-1.2872994032121503e-09,-1.2777342215675615e-09,-1.14888685313796e-09,-8.971155108394942e-10,-5.403969705101413e-10,-1.0543024110060594e-10
7.0,10.0,0.3630759694369194,-0.2363368027366758,-0.103868332365145,-0.0204433189223915,-0.0022605308124331,-0.0001589951100957,-7.70931270055892e-06,-2.726736242204742e-07,-7.320639025698593e-09,-1.4409649420690858e-10,-2.238031714197485e-12,-2.611710829235602e-12,-3.040162697574699e-13,1.1474262825715676e-11,-6.54181269130525e-13,3.2005911490405606e-11,-9.851908821954482e-12,3.653092365094564e-12,1.4727362048018832e-11,-1.520810413676266e-11,-2.597235763415297e-11,-3.570610075656592e-12,2.7514997930477493e-12,-1.824858206668539e-11,-2.1278243159711684e-11,8.962915432293354e-12,1.6082588317568275e-11,-2.1582992595512478e-11,7.771774971107584e-12,-1.5028922534278507e-11
2.0,25.0,0.2419971530771124,-0.1976887813094666,-0.0293433169228968,-0.0087878145144963,-0.0034234040166995,-0.0014446499744443,-0.0006902912313116,-0.0003395812991623,-0.0001603292721874,-7.12667230883188e-05,-2.970527925709812e-05,-1.157100606504813e-05,-4.192527280266929e-06,-1.4035408139914069e-06,-4.278666100412084e-07,-1.1382672482321337e-07,-2.3028681891399893e-08,-2.225865115846108e-09,-2.2367088925967967e-09,-8.329614350220774e-09,-1.6086071680501292e-08,-2.3927387056470642e-08,-3.095779079861632e-08,-3.635019319981072e-08,-3.9265208210159854e-08,-3.8993854327606256e-08,-3.5111988122759426e-08,-2.753044251966836e-08,-1.6537221464152832e-08,-3.1608817758064863e-09
4.0,25.0,0.1350450943205953,-0.0426629080534214,-0.0421626533431945,-0.0258290823533548,-0.0126109189731265,-0.0059856900156782,-0.0029996480461874,-0.001516807385639,-0.000730652881528,-0.0003278628062961,-0.0001366327492705,-5.294291970262983e-05,-1.9070322936120897e-05,-6.359000521037695e-06,-1.9355691659186843e-06,-5.1476203402998e-07,-1.0367571335961797e-07,-9.676278965809546e-09,-1.0384036273334176e-08,-3.889787511860423e-08,-7.514321513911322e-08,-1.1184909675944129e-07,-1.4473342406505065e-07,-1.6990447731074065e-07,-1.8353185429423482e-07,-1.8233131383020213e-07,-1.641983890161925e-07,-1.2866796580826976e-07,-7.732080690906451e-08,-1.4710650299561814e-08
5.5,10.0,0.2920337449357455,-0.2545979297150126,-0.0355081036457522,-0.0018751952945513,-5.16367441733134e-05,-8.697809792025879e-07,-9.936314740296838e-09,-1.7351751896168503e-10,-8.087306731402841e-11,-9.188459772337523e-11,-1.0905084916301059e-10,-1.1517201395844174e-10,-1.1092056822089647e-10,-9.568277413090691e-11,-9.006060743740532e-11,-5.5357357185775824e-11,-5.936217441259829e-11,-2.7505858216775427e-11,7.722972871598737e-12,2.3648303621672888e-11,5.308316455248672e-11,1.0172085409091731e-10,1.3822725745462158e-10,1.5246880284694502e-10,1.660709448246053e-10,1.8413136666433583e-10,1.716767845408529e-10,1.148792908055304e-10,7.864774366477695e-11,-1.7003418971345937e-12
7.0,15.0,0.3691469188744272,-0.2672678597836152,-0.0837628203869199,-0.0144440206556534,-0.0027490098601129,-0.0006893662915609,-0.0001796677682992,-4.302696104097541e-05,-9.12709659454893e-06,-1.6953486144547983e-06,-2.7470676329130306e-07,-3.832540154802573e-08,-4.027751858549322e-09,3.0070253448144955e-10,6.968527682106673e-10,6.512868014667917e-10,4.498603001936785e-10,2.4970407698895427e-10,8.033221356676603e-12,-2.990451356554008e-10,-6.02254810793435e-10,-8.685780436524189e-10,-1.116815493191985e-09,-1.3284215876162422e-09,-1.434376199366901e-09,-1.397118257823872e-09,-1.249956109033605e-09,-1.0081148752863067e-09,-5.871911380323301e-10,-1.266157262946936e-10
5.0,20.0,0.0721493710316525,-0.0132391283610838,-0.0178725099069402,-0.0165145453006975,-0.0118620818181609,-0.0069674583905728,-0.0034449021883291,-0.0014625772333966,-0.0005411599923661,-0.0001764401758624,-5.108903192356694e-05,-1.3191550542406876e-05,-3.024157928124432e-06,-5.906837947390059e-07,-7.240596554691476e-08,2.0782986823514545e-08,2.7245418365129216e-08,1.5958935870755604e-08,-3.23976260704354e-10,-1.8955970539348605e-08,-3.852998258612511e-08,-5.7609982667001546e-08,-7.457564230772633e-08,-8.755100396301052e-08,-9.455575761809877e-08,-9.38919786974267e-08,-8.451502454229387e-08,-6.62010201263385e-08,-3.969076796023437e-08,-7.414570436324362e-09
6.0,8.0,0.1127939755006056,-0.0940396123525558,-0.0150964319674641,-0.0025447839003815,-0.0007940656346276,-0.0002451370006221,-6.0090477425032406e-05,-1.1717168631521486e-05,-1.859412325837413e-06,-2.448180204995823e-07,-2.6848351499964432e-08,-2.1065380018535354e-09,2.867072401500105e-10,4.660861899549185e-10,4.3635019059774435e-10,3.6578224216574517e-10,2.684234972422872e-10,1.434633022422072e-10,-4.1647409673677604e-12,-1.6728490984769958e-10,-3.381099819017433e-10,-5.047925044752855e-10,-6.517033882115357e-10,-7.620891949334091e-10,-8.208959886596786e-10,-8.144099069010753e-10,-7.32079936301162e-10,-5.717503803637974e-10,-3.447568411168097e-10,-6.855882430026279e-11
3.0,5.0,0.1532126134119824,-0.1162800737460608,-0.0309329010694668,-0.0052734329385517,-0.0006614379084689,-6.0447886035825146e-05,-4.098849178543675e-06,-2.1175233940206297e-07,-8.434762615589174e-09,-1.5089176953563594e-10,1.1855643992816724e-10,1.2715158372483762e-10,1.2755777245312608e-10,1.2664315678234655e-10,1.1100946921830547e-10,1.0501390201594627e-10,6.464335866817841e-11,3.781512076149119e-11,4.354151829953447e-12,-4.829518033596801e-11,-9.573709775780858e-11,-1.2973123949731673e-10,-1.6461490691492472e-10,-2.0037141049513083e-10,-2.1633242188293056e-10,-2.033148771963745e-10,-1.796739874371335e-10,-1.530422495941048e-10,-8.459675394699605e-11,-2.3242392072054908e-11
5.5,20.0,0.3677330826003578,-0.1636043204890429,-0.0974871219976388,-0.0573220783472494,-0.0282242850315001,-0.0125242827256492,-0.0052353616554707,-0.0020937291444643,-0.00080225556436,-0.0002926721133022,-0.0001006953629569,-3.2340625454921604e-05,-9.584860972243186e-06,-2.5706700885090064e-06,-5.880456988265468e-07,-8.412839777148762e-08,1.9585924740373172e-08,2.1986942241204723e-08,-1.6021817303752575e-09,-3.306237330594675e-08,-6.688155047185758e-08,-9.995380209594672e-08,-1.2939130255070454e-07,-1.519287100263637e-07,-1.640972783636593e-07,-1.6294003774719098e-07,-1.466807396582295e-07,-1.1494390676679201e-07,-6.893947539581182e-08,-1.2960807581157341e-08
6.0,15.0,0.0957845640100413,-0.0260726061996271,-0.0299186368986995,-0.0216934944600759,-0.011426241716131,-0.0046472981600163,-0.0015129284421721,-0.0004036449984342,-8.972211510194564e-05,-1.681744000425833e-05,-2.6777409506281426e-06,-3.570735032720011e-07,-3.144293345227144e-08,7.453068223189778e-09,1.04427621138262e-08,9.071957740326913e-09,6.6273041958738524e-09,3.5717018360949423e-09,-5.1982762931098475e-11,-4.136342214076504e-09,-8.40416645247076e-09,-1.2543428206473677e-08,-1.6232838978742106e-08,-1.9070703627443845e-08,-2.0597169803139872e-08,-2.0432912649942817e-08,-1.8384777455316493e-08,-1.4416460253583366e-08,-8.620202589108002e-09,-1.5981449540925935e-09
6.0,25.0,0.2569773271181538,-0.0989320383029415,-0.087435229832018,-0.0460171253316283,-0.0176293874561641,-0.0053408070579484,-0.0013112043832672,-0.0002621225411573,-4.288803820555177e-05,-5.7959022637357744e-06,-6.53615408726541e-07,-6.141257998258395e-08,-4.01293175055579e-09,6.907644425765717e-10,9.016235429792663e-10,8.22935492303439e-10,5.459915740851545e-10,3.105970054390733e-10,2.2624162225582597e-11,-3.72488409840975e-10,-7.541977825045901e-10,-1.0737119216934026e-09,-1.3830268883401123e-09,-1.6656368028867502e-09,-1.807028096353695e-09,-1.7486594556348102e-09,-1.5637790392855887e-09,-1.2820197719472935e-09,-7.287495031507177e-10,-1.46855833619264e-10
5.0,25.0,0.3178692980222717,-0.266958643735085,-0.0475240266855181,-0.0032659930439486,-0.0001179789166877,-2.617972354490981e-06,-3.9935017325198966e-08,-1.266700094954232e-09,-9.157851953735627e-10,-9.921637874082576e-10,-1.0579655013230415e-09,-1.0868756624595676e-09,-1.0746748825399954e-09,-1.0129095286637966e-09,-9.197367249637171e-10,-7.456056310509606e-10,-5.67477986157559e-10,-2.99379287652257e-10,1.4620299113256288e-11,3.3740358628866203e-10,6.91001319669771e-10,1.0592635392768055e-09,1.3781811639163911e-09,1.6049330205422801e-09,1.7339716394952923e-09,1.744043310398298e-09,1.576090613336005e-09,1.2102899003759364e-09,7.37311675259814e-10,1.1850650489574612e-10
5.5,15.0,0.0023205763089906,-0.000426106715242,-0.0005765078738592,-0.0005336315861732,-0.0003829861405734,-0.0002236647762251,-0.0001091584785892,-4.533705613564108e-05,-1.625018173722557e-05,-5.084018553015763e-06,-1.4010402869582812e-06,-3.420107980481858e-07,-7.357048833481866e-08,-1.3128708274765362e-08,-1.0753369891918883e-09,8.898694058204246e-10,9.003374026091408e-10,5.09899592537811e-10,-9.610587476583747e-12,-5.985170243821575e-10,-1.216574192082118e-09,-1.8190765539395486e-09,-2.354719693691471e-09,-2.764224846766834e-09,-2.985274226291994e-09,-2.96433969523546e-09,-2.6681940294705846e-09,-2.0896808317648456e-09,-1.2527163634394014e-09,-2.335155684274881e-10
8.0,25.0,0.3032924737214253,-0.2481604345280657,-0.0397601455876481,-0.0065254065930765,-0.0036912803945504,-0.00241859509615,-0.0014042521646818,-0.0007312556480091,-0.0003479923821809,-0.0001532317179923,-6.281907834506894e-05,-2.4009974145665053e-05,-8.538691459954791e-06,-2.8090596503818644e-06,-8.414550658866451e-07,-2.185691688917429e-07,-4.159882240281724e-08,-2.5984249064667166e-09,-4.264576318705479e-09,-1.7786778156019695e-08,-3.45764713797378e-08,-5.148814629032805e-08,-6.662665829060592e-08,-7.821961031782719e-08,-8.44904033063095e-08,-8.392273612099975e-08,-7.55704018863987e-08,-5.922868020649479e-08,-3.558352831498336e-08,-6.7779734815958685e-09
5.0,8.0,0.248667577009884,-0.1959274123329548,-0.0445992283899795,-0.0072858147569095,-0.0007912433246398,-6.032025521208082e-05,-3.4051765997504766e-06,-1.4743083529474952e-07,-4.966026727053161e-09,-7.989759935627891e-11,4.8199489072120586e-11,4.977601451036638e-11,5.229374449957578e-11,5.5010163062228917e-11,5.415669683719049e-11,4.6171062847586176e-11,3.5367350213416454e-11,1.75151806647169e-11,-3.130703218248036e-12,-2.2999992444220158e-11,-4.308468227439705e-11,-6.226167441683814e-11,-7.713649569320588e-11,-8.5314636917738e-11,-8.807711411360749e-11,-8.551617140163408e-11,-7.516429002920808e-11,-5.6914209322806317e-11,-3.8348058393717485e-11,-1.7479771342314768e-11
3.5,20.0,0.0502407107208559,-0.0273687063019779,-0.0147587822892406,-0.0049305769581169,-0.0018097336929039,-0.0007927145712435,-0.0003458225109954,-0.0001434449999702,-5.724297919760914e-05,-2.193061552158976e-05,-7.925353745266972e-06,-2.65245305966742e-06,-8.11080631183809e-07,-2.2316483679222562e-07,-5.282487302521799e-08,-8.609193760262775e-09,8.758203603853912e-10,1.494811998125655e-09,-1.3999225375786275e-10,-2.430910609094578e-09,-4.909830412332302e-09,-7.335497574895171e-09,-9.495644617176154e-09,-1.1150687955063441e-08,-1.2044082190733972e-08,-1.1958167015282402e-08,-1.0765004537268241e-08,-8.437975660355076e-09,-5.061073832005143e-09,-9.544575443720371e-10
5.0,20.0,0.1579598072451745,-0.1158597235355523,-0.0221937752596711,-0.0112880506890317,-0.0049691670893347,-0.0020840171627298,-0.0009156000555649,-0.0004009002993576,-0.0001626250521914,-5.917251307556526e-05,-1.9193457636937345e-05,-5.559942078173025e-06,-1.4379698741751916e-06,-3.259579774623156e-07,-5.764812607821391e-08,-1.0276677891085306e-09,7.164609361815936e-09,4.817615987911917e-09,-1.4096913746652159e-10,-6.047801319864506e-09,-1.2281272967035594e-08,-1.8353339028070693e-08,-2.3756495278368464e-08,-2.7895567253421195e-08,-3.012819069429996e-08,-2.990968533450693e-08,-2.6922072445988785e-08,-2.1099924161236e-08,-1.2650360366003805e-08,-2.378557434636101e-09
4.5,10.0,0.0511705959991142,-0.0456274413755033,-0.0028821382435205,-0.0016135596095527,-0.0007232620055359,-0.000243344734239,-6.424116792705624e-05,-1.3746471461668073e-05,-2.441278582266422e-06,-3.656863832405671e-07,-4.640932984566057e-08,-4.647414175194547e-09,3.9783666387562784e-11,4.729605128207568e-10,4.6079857002749987e-10,3.919466176146089e-10,2.823985722239188e-10,1.528271471025697e-10,-1.1278564663000429e-12,-1.7847857300738472e-10,-3.616959345007033e-10,-5.360995031067657e-10,-6.926175691634893e-10,-8.152133848713065e-10,-8.801473418180009e-10,-8.698923666379751e-10,-7.816369354380623e-10,-6.160630497033753e-10,-3.6671804654231276e-10,-7.064884259646345e-11
3.0,15.0,0.1189968196112233,-0.0761035971751197,-0.0301330678609801,-0.0080179429368323,-0.002880904275514,-0.001201395161122,-0.0004516612907616,-0.000148821320874,-4.3907603027411525e-05,-1.1788204519484682e-05,-2.89184234811386e-06,-6.439720260296504e-07,-1.268831122766123e-07,-1.934850245968301e-08,4.3050343516097184e-10,3.142056341670805e-09,2.644639347225883e-09,1.4598089446225491e-09,-2.1033459377785245e-11,-1.7017296656985515e-09,-3.4571868010396903e-09,-5.157338182082625e-09,-6.673348673056017e-09,-7.840852753763434e-09,-8.468040570581695e-09,-8.398369487315983e-09,-7.556305616513797e-09,-5.928544474792634e-09,-3.5461018753494505e-09,-6.643743107132671e-10
7.0,15.0,0.2884824808919946,-0.2146780378283612,-0.0622754844254957,-0.0096327264872839,-0.0013107448270639,-0.0003400535039478,-0.0001483665237119,-6.322697702041808e-05,-2.347225355898188e-05,-7.5602402318503635e-06,-2.125729786789921e-06,-5.242360590960218e-07,-1.130175929038821e-07,-2.0327103670914628e-08,-2.011831301484962e-09,9.92990236856836e-10,1.0650539262429344e-09,6.136957989397898e-10,-2.8670839049183377e-12,-7.283679999019485e-10,-1.476487884012106e-09,-2.1849908716832024e-09,-2.822790597477897e-09,-3.3256021911498305e-09,-3.591032253265229e-09,-3.546519679785331e-09,-3.1869177812267904e-09,-2.516904537543293e-09,-1.497868868827755e-09,-2.9401681102117865e-10
3.5,8.0,0.2113818087949857,-0.1648391257228997,-0.0355015282267415,-0.0084122385711261,-0.0019750198249951,-0.000506120841166,-0.0001199789374627,-2.350748911563421e-05,-3.738555667063396e-06,-4.869793934294432e-07,-5.19606543842627e-08,-3.797207226099374e-09,6.720032254267621e-10,9.806637791644964e-10,9.11380013828457e-10,7.631589203025861e-10,5.599957821135521e-10,2.994646538728004e-10,-8.362257668862912e-12,-3.4867747180521284e-10,-7.053384469311784e-10,-1.0536598901725523e-09,-1.360910905454054e-09,-1.592083962637014e-09,-1.7155642803786143e-09,-1.702536962593847e-09,-1.5307642366043302e-09,-1.1955595638705916e-09,-7.203638103701962e-10,-1.4144748178279756e-10
6.0,15.0,0.2380586398900118,-0.0913323139006257,-0.0775989790480597,-0.0410401549697073,-0.0174859678304677,-0.0067977538440928,-0.0025136582051614,-0.0008820408343863,-0.0002889134432089,-8.706333324898761e-05,-2.3914590097076165e-05,-5.943208279045745e-06,-1.3162308625155702e-06,-2.428039227175503e-07,-2.0938625817141333e-08,1.6664339143769422e-08,1.7086892376927056e-08,9.720095721824614e-09,-1.7270900688842007e-10,-1.143967511130256e-08,-2.32487561172544e-08,-3.473259131921185e-08,-4.49552977917364e-08,-5.27946584598323e-08,-5.701956339635458e-08,-5.659419662712862e-08,-5.093362293011256e-08,-3.991920563590304e-08,-2.390788113516208e-08,-4.4599975035476436e-09
6.0,20.0,0.01137441514378,-0.0035369030533927,-0.0035600796586633,-0.0022233219882151,-0.0010918662572808,-0.0005085561800539,-0.0002457193814249,-0.0001187726791064,-5.401408718910326e-05,-2.2451689330776222e-05,-8.480545402126279e-06,-2.915963802275528e-06,-9.138748699992118e-07,-2.595289285121464e-07,-6.466665188829655e-08,-1.214916455927784e-08,-8.622637887694265e-11,1.2548592460291051e-09,-1.9485979707367862e-10,-2.435166729625574e-09,-4.899584266955303e-09,-7.323007514600725e-09,-9.48029850770149e-09,-1.1129438482171334e-08,-1.2021014299371252e-08,-1.1940045565035133e-08,-1.0750319989001484e-08,-8.422048828389791e-09,-5.055995947509352e-09,-9.537886873819403e-10
7.0,5.0,0.0254414279573038,-0.0242624389281524,-0.0011485854093765,-2.999256708894577e-05,-4.076674782941478e-07,-3.36845795453698e-09,-1.899908285421404e-11,-1.951778256310511e-12,1.0714668818925285e-13,-3.624653639181325e-13,-1.5579808535653216e-12,-1.9320576055700925e-12,-1.5848143287294416e-12,-6.113533290766864e-13,-7.32678754538393e-13,9.790713223165713e-13,-7.419312223276558e-13,-8.755342759328494e-14,5.081650027460946e-13,-6.094883708330872e-13,-7.604308741299092e-13,6.753090934088902e-13,1.4741137214468148e-12,1.0754606354261836e-12,1.3637976914761966e-12,2.9193068151192405e-12,3.144047093920501e-12,9.597128894737093e-13,1.260048669733012e-12,-1.2763236174354545e-12
7.0,15.0,0.0505118525146802,-0.0132585898587787,-0.0151882164240379,-0.0111509953873358,-0.0061825042325208,-0.0028525655237967,-0.0011785347524802,-0.0004551730767313,-0.0001655954188122,-5.59453431372485e-05,-1.724819438634832e-05,-4.792266722249474e-06,-1.186012962520335e-06,-2.524610585793364e-07,-3.7598309882319466e-08,4.64565786028475e-09,9.12097404712853e-09,5.563787346145737e-09,-1.2835009504036588e-10,-6.721269922729368e-09,-1.3657544399985588e-08,-2.0418482922373493e-08,-2.6431220269995604e-08,-3.1031215304104086e-08,-3.3514035957629655e-08,-3.3277154575350184e-08,-2.995335896780524e-08,-2.346433868225024e-08,-1.4066663076796978e-08,-2.628093745777307e-09
5.5,8.0,0.2292457985289774,-0.2076052248137583,-0.0206554612896195,-0.0009568947920211,-2.766443571182332e-05,-5.455548969456028e-07,-7.659238162118502e-09,-1.1820886715316055e-10,-2.5580417883528888e-11,-3.1197061385624696e-11,-4.2712454545111056e-11,-4.66324773237864e-11,-4.315863158405121e-11,-3.5456957964131964e-11,-2.7481695425804453e-11,-2.1489546914261048e-11,-1.4549721367823307e-11,-9.227325387792871e-12,-2.504117588158444e-12,7.668226377149783e-12,1.9471153607301448e-11,3.197590117726668e-11,4.5141094510391677e-11,5.808730169244224e-11,6.694590028836717e-11,6.902126170306306e-11,6.412667943985065e-11,5.160529966468719e-11,2.6761553946341167e-11,-6.350465155469024e-12
7.0,5.0,0.1266018075715555,-0.1141021500306872,-0.010927186644718,-0.0013829869061174,-0.0001695696567404,-1.8161833028285394e-05,-1.6285866046590688e-06,-1.1685150149439097e-07,-6.60867056614287e-09,-2.68231234078686e-10,1.905970454591858e-11,2.908194329726601e-11,3.066584754722703e-11,3.3633992592728936e-11,2.8957217334089598e-11,3.2737255936616795e-11,1.5905070847989007e-11,1.0371516701764094e-11,2.7872897438315463e-12,-1.5603677258355207e-11,-2.943205095771815e-11,-3.440665686819989e-11,-4.161385336871296e-11,-5.2836119968701125e-11,-5.6314084043643486e-11,-4.764705225179724e-11,-4.02613160068576e-11,-3.975904498827205e-11,-1.9729571459498966e-11,-1.0826605730097148e-11
5.5,20.0,0.1107409897570035,-0.0811482448447868,-0.0259050385936164,-0.0034298094710573,-0.0002464875374698,-1.1063750253454203e-05,-3.388756346764064e-07,-7.804324128246882e-09,-4.4863800696950966e-10,-3.5205408026319405e-10,-3.7301174973713376e-10,-3.8313766990138275e-10,-3.79019943317154e-10,-3.574416611516608e-10,-3.2539488319562e-10,-2.6301563921484885e-10,-2.0122357192211159e-10,-1.0580188437258527e-10,5.852180083404416e-12,1.1927595755229398e-10,2.4393461757152703e-10,3.7462128044393177e-10,4.871842625744027e-10,5.662535189244083e-10,6.11322326734374e-10,6.154681956654623e-10,5.562194843087381e-10,4.260123347151832e-10,2.6048556589873483e-10,4.249911695671641e-11
3.0,15.0,0.0560428956694216,-0.0126511761945909,-0.0159313157801258,-0.0131871982761941,-0.0081409364642779,-0.0039382697273312,-0.0015350233298966,-0.0004914116409636,-0.0001311567765998,-2.954482293014207e-05,-5.669887808282022e-06,-9.264712651049496e-07,-1.2005625642217094e-07,-2.1781570198580403e-09,1.1587045027130441e-08,1.1110127983084784e-08,8.223895096901318e-09,4.4346308518139635e-09,-7.047229818442122e-11,-5.131060434054473e-09,-1.0427216535563336e-08,-1.5577071119673663e-08,-2.016090784816452e-08,-2.36753418381174e-08,-2.5568877770648773e-08,-2.5377089489993963e-08,-2.2836790896434083e-08,-1.7894474097503412e-08,-1.0711919624337261e-08,-1.987239434517373e-09
6.0,20.0,0.1972503332955701,-0.0451399903202769,-0.0554712884020628,-0.0449415095558317,-0.0277594122829236,-0.01404219069642,-0.0061290191948125,-0.0024132744746274,-0.0008885610602069,-0.0003123381630634,-0.0001050116499597,-3.337021833155494e-05,-9.84499742612336e-06,-2.6286567296453468e-06,-5.941267601027965e-07,-7.949631554255376e-08,2.4573306495852362e-08,2.483535697165172e-08,-1.650619753986556e-09,-3.636794004686216e-08,-7.360779449006098e-08,-1.1002648356001988e-07,-1.424329641165908e-07,-1.672292948200852e-07,-1.8062049481483133e-07,-1.79359448386652e-07,-1.61462267279334e-07,-1.265047256897216e-07,-7.587585631653644e-08,-1.4241328542789756e-08
7.0,8.0,0.0104461627942445,-0.0039629343559212,-0.0036825909309655,-0.0019357907755744,-0.0006682447224014,-0.0001627523536122,-2.9319450626957724e-05,-4.047348639255182e-06,-4.401327068189345e-07,-3.8382449793068975e-08,-2.520181947204484e-09,1.0451294901451776e-10,2.615593145783761e-10,2.5701790494733717e-10,2.3265513382607708e-10,1.942451829222756e-10,1.4231336275022778e-10,7.634940100438179e-11,-1.6633212251659094e-12,-8.837945724480029e-11,-1.7947148360566786e-10,-2.6862044570592355e-10,-3.4763010489833575e-10,-4.0760463425822334e-10,-4.3998470675749104e-10,-4.3710706255911767e-10,-3.9336615806638303e-10,-3.074678186048417e-10,-1.8447228278209182e-10,-3.4103626842299816e-11
3.5,8.0,0.0363134475611062,-0.0266324651523573,-0.0072584654447514,-0.0017009388827812,-0.0005111232774758,-0.00015745868296,-4.191285279693105e-05,-9.162061856959575e-06,-1.6415045012772877e-06,-2.4370766395361483e-07,-3.0149852622205814e-08,-2.876160481929426e-09,7.373613991809303e-11,3.3142827482607424e-10,3.1991116882152925e-10,2.686083798305457e-10,1.9690932785929908e-10,1.055412831813112e-10,-2.4931940980484638e-12,-1.224227848574103e-10,-2.482425465716085e-10,-3.712014148796739e-10,-4.80007425480765e-10,-5.623792048353231e-10,-6.066545875437e-10,-6.023804519096298e-10,-5.419069648355486e-10,-4.2354939012904945e-10,-2.54536899018437e-10,-4.8323628546766606e-11
7.0,20.0,0.3302541115604522,-0.2712146041670685,-0.0545686585113889,-0.0042882048225273,-0.0001780153468529,-4.550478971777952e-06,-7.915978739292475e-08,-1.583668773655638e-09,-6.552395820109722e-10,-7.03793302643305e-10,-7.543699021466654e-10,-7.763842431973082e-10,-7.665208831855923e-10,-7.191277110431823e-10,-6.54848599080553e-10,-5.233697217936537e-10,-4.0583592730409806e-10,-2.1241116111366794e-10,1.3352898981955036e-11,2.365262088575631e-10,4.85892438271978e-10,7.533044417906521e-10,9.822227456534711e-10,1.139746703936625e-09,1.2315941874134306e-09,1.245900175415959e-09,1.1280322940643066e-09,8.58732161376465e-10,5.27168946647112e-10,7.948015237452247e-11
5.5,15.0,0.2220836568641718,-0.1115934693214728,-0.0595394982075725,-0.0296021073030159,-0.0129323947541973,-0.0054169482230947,-0.0020621422359285,-0.000681741389386,-0.0001942725808153,-4.809153050903336e-05,-1.0435102660558866e-05,-1.988857836965845e-06,-3.219320836788047e-07,-3.114154663784255e-08,1.2307756880703412e-08,1.5504406261293208e-08,1.1855035950760952e-08,6.42901633491485e-09,-9.760627097013926e-11,-7.449567568999849e-09,-1.5138044307551324e-08,-2.2604082561860083e-08,-2.9253716946073195e-08,-3.4359872452180946e-08,-3.710849115658039e-08,-3.6821394871296824e-08,-3.3133831216580984e-08,-2.597460932314924e-08,-1.5544854576048848e-08,-2.8935993977123913e-09
3.5,20.0,0.1338987857493368,-0.1296056604867299,-0.004242929274655,-4.989532049814599e-05,-2.99717729330827e-07,-1.1556572610812935e-09,-7.795796761435012e-11,-9.389330647149262e-11,-9.242082971717515e-11,-1.0247721100041407e-10,-1.1425121780591255e-10,-1.1883380369474886e-10,-1.1605323630549239e-10,-1.0580218093397695e-10,-9.639278665848662e-11,-7.229432001543152e-11,-6.038635376062564e-11,-3.086080883139883e-11,3.1684038086460386e-12,3.198445767290768e-11,6.752167848210586e-11,1.1042847032197624e-10,1.4610973774842808e-10,1.6815452130313634e-10,1.8269310659757307e-10,1.8958508128933166e-10,1.733288863259792e-10,1.2786434823035356e-10,8.006892502364069e-11,6.69366881156902e-12
3.5,10.0,0.0240493470427523,-0.0068772054364954,-0.0077260380225063,-0.0053907258840962,-0.0026749794887752,-0.0010015991292468,-0.0002936251229161,-6.923902748226671e-05,-1.341380065910546e-05,-2.1705600729516703e-06,-2.958730407069657e-07,-3.256790756943042e-08,-1.024205473915917e-09,2.12424213161057e-09,2.1791642283524504e-09,1.847289271236673e-09,1.3446233674122082e-09,7.248269457489489e-10,-9.987336243629368e-12,-8.40079876908742e-10,-1.7066426869247451e-09,-2.5457280404969714e-09,-3.2942507178711636e-09,-3.871191593644383e-09,-4.181212096192961e-09,-4.146584442037564e-09,-3.7305347183777754e-09,-2.9266176921000447e-09,-1.748597252425593e-09,-3.238661515178249e-10
8.0,8.0,0.0650544321227658,-0.0608554637067372,-0.0033108924865846,-0.0006690481493817,-0.0001636284991964,-4.22584809268147e-05,-1.0478927998179462e-05,-2.214034222687109e-06,-3.848470733979718e-07,-5.51676027041902e-08,-6.540770817141644e-09,-5.84491072215285e-10,2.996194582720462e-11,8.148763791741412e-11,7.862408884851659e-11,6.634313076391737e-11,4.889398819406792e-11,2.584624791531772e-11,-1.2998230425196702e-12,-3.0789156398901274e-11,-6.140673422722397e-11,-9.103400892349231e-11,-1.1672317398319898e-10,-1.3543396242486635e-10,-1.4498728380292703e-10,-1.432652611504276e-10,-1.2834294994904542e-10,-9.996895780895227e-11,-6.114646227708205e-11,-1.4581353748323897e-11
3.5,25.0,0.3019983979541479,-0.2040172681047138,-0.044319063974296,-0.0229352229664408,-0.0148914480399463,-0.0082877343632289,-0.0040983354635427,-0.0019093803720284,-0.0008710084023007,-0.0003906987464119,-0.0001689463603401,-6.882686459559443e-05,-2.599802558631574e-05,-9.009082163135206e-06,-2.824704454070856e-06,-7.726604473343252e-07,-1.6455835220393852e-07,-2.0113289218366777e-08,-1.498162543989699e-08,-5.029188277023751e-08,-9.661913017700104e-08,-1.4374786503470734e-07,-1.8600514190237388e-07,-2.183604108443889e-07,-2.358777355238489e-07,-2.3433314007181565e-07,-2.110337725388261e-07,-1.653865337239984e-07,-9.94002153375635e-08,-1.8951221473014283e-08
8.0,5.0,0.0096969114346378,-0.0068995092481168,-0.0022570621154086,-0.0004534504355331,-7.548335320724439e-05,-1.0218096038439462e-05,-1.089584545955549e-06,-9.194763625076794e-08,-6.2151977547536415e-09,-3.2607717483569976e-10,2.786444537947048e-12,1.8211425344000367e-11,1.8702687581564297e-11,1.8159062035106107e-11,1.6141205579148098e-11,1.432748646207912e-11,9.631907809944408e-12,5.396521727182507e-12,2.619635526629783e-13,-6.540302187821384e-12,-1.3144112241223706e-11,-1.874583329353723e-11,-2.4056801156027367e-11,-2.8753892147456068e-11,-3.1068409595934694e-11,-3.0072969778994796e-11,-2.6847857950242205e-11,-2.1871885063526728e-11,-1.2591019849028132e-11,-2.782916707842677e-12
3.0,5.0,0.0214950573839776,-0.0135228411492245,-0.0059681588471331,-0.0015858127117139,-0.0003469769801895,-6.180152604041839e-05,-8.490318810146929e-06,-8.961937377844592e-07,-7.401512745107685e-08,-4.806788482528171e-09,-1.587409182018133e-10,9.756493427947839e-11,1.0827900628537201e-10,1.0430164238749684e-10,9.342617139847772e-11,8.024061407565114e-11,5.643907633393333e-11,3.0934158075109305e-11,4.1544672001410564e-13,-3.651133974138327e-11,-7.388032450339365e-11,-1.0817231992101951e-10,-1.3955311115147175e-10,-1.6523450428573723e-10,-1.7855717146019188e-10,-1.7533995638170628e-10,-1.5727585574491984e-10,-1.2533905491239923e-10,-7.366079197066284e-11,-1.4519898906107388e-11
3.5,15.0,0.1354356510818745,-0.1310234701720966,-0.0043597374958343,-5.212398323206498e-05,-3.183320009384001e-07,-1.2141156739133775e-09,-4.489977036454673e-11,-5.5700128239518594e-11,-4.997412923970784e-11,-5.679382814634113e-11,-6.595016251702272e-11,-6.933156911728359e-11,-6.710996816799005e-11,-5.900049517800589e-11,-5.395300826357626e-11,-3.742278505567891e-11,-3.4170671453302126e-11,-1.694438589300006e-11,2.58093939872738e-12,1.6064194353530517e-11,3.521316609972949e-11,6.150436126779741e-11,8.268355876314026e-11,9.426908589034384e-11,1.0322511399968112e-10,1.1009103291421235e-10,1.0159224159273372e-10,7.259336449368373e-11,4.6358605567865376e-11,5.224634792966068e-13
8.0,8.0,0.222509727683504,-0.2029731630994687,-0.0172262045296254,-0.0017391022304212,-0.0004491064635158,-0.0001022816512021,-1.736267334792478e-05,-2.255430101607059e-06,-2.306497300965683e-07,-1.89151014958724e-08,-1.1683716092112443e-09,5.080350660693736e-11,1.2259116319827687e-10,1.2552651555648104e-10,1.179890181939048e-10,9.997261398176576e-11,7.433523416434229e-11,3.852410159618541e-11,-3.423510931076192e-12,-4.7525371727752695e-11,-9.273421783500575e-11,-1.359955331082438e-10,-1.7234889325985055e-10,-1.9714228907779008e-10,-2.0870696872000086e-10,-2.0485717460779087e-10,-1.8239762820770824e-10,-1.4120117826089655e-10,-8.873265050568948e-11,-2.734448927894764e-11
8.0,10.0,0.0076916132791691,-0.0022598122824651,-0.0025058224253173,-0.0017098474424919,-0.00082057629475,-0.0002933243777324,-8.091161644741163e-05,-1.7677222006260035e-05,-3.123088098964053e-06,-4.5364903300393857e-07,-5.452836661841559e-08,-4.991342327596632e-09,1.7961717055314442e-10,6.096299507155116e-10,5.81424115952382e-10,4.899388116724485e-10,3.5613449890671645e-10,1.920426334502634e-10,-2.5225393897975094e-12,-2.2267225615830728e-10,-4.5233604059679267e-10,-6.744594763587087e-10,-8.72732376957937e-10,-1.0257796363700819e-09,-1.1079613852998675e-09,-1.098552487853612e-09,-9.882659808972439e-10,-7.75560905591828e-10,-4.6315856293219664e-10,-8.57814949621148e-11
4.5,15.0,0.2937515964148849,-0.2555425997533636,-0.0362086834223942,-0.0019448728756706,-5.449563793763852e-05,-9.343584962155704e-07,-1.0976927549346918e-08,-3.177838961475716e-10,-2.308549078471113e-10,-2.5432836495671824e-10,-2.7975369209961036e-10,-2.8995726773756046e-10,-2.8453722272123247e-10,-2.6085262393629417e-10,-2.38765867868375e-10,-1.8118580594711782e-10,-1.4957446369591558e-10,-7.640338582019706e-11,7.852759942959345e-12,8.072808538073406e-11,1.6907262635266894e-10,2.736148601941627e-10,3.6042138511037376e-10,4.145197038723124e-10,4.4966650296386577e-10,4.642862711919161e-10,4.233065068026616e-10,3.1385099984572416e-10,1.9641869572051767e-10,2.0183569700336612e-11
6.0,8.0,0.06885214350317,-0.0648534907974303,-0.0024555696636365,-0.0009883601613221,-0.0004030625240095,-0.0001195235712847,-2.6749806961833903e-05,-4.658608504783953e-06,-6.468690136184662e-07,-7.293159993861107e-08,-6.625792415539154e-09,-3.1421386207146625e-10,1.871472548941556e-10,2.1228939709336155e-10,1.9497883224638154e-10,1.634079382560399e-10,1.1995888429721948e-10,6.397570791887581e-11,-2.125272987031289e-12,-7.495974402506165e-11,-1.5106602116107318e-10,-2.2514980721571016e-10,-2.9024113345546366e-10,-3.3887721180919563e-10,-3.6455727771292017e-10,-3.613290250044203e-10,-3.2455581752782573e-10,-2.533804043087993e-10,-1.5319897995771368e-10,-3.173925455662685e-11
6.0,5.0,0.0908444302045217,-0.0890909837293699,-0.0017412567653917,-1.2146451277232388e-05,-4.317043194793187e-08,-9.515831973920854e-11,-1.2884604990973541e-12,-6.8596524331739726e-12,4.5122103624580033e-13,-1.273186833700775e-12,-5.66936591014548e-12,-7.047978197359877e-12,-5.75424601437165e-12,-2.238584772812133e-12,-2.5099645259355818e-12,3.425947462968576e-12,-2.490488199167904e-12,-3.0727921012029213e-13,1.6792911865047425e-12,-2.180435474721204e-12,-2.678801584534128e-12,2.3197220553088493e-12,5.1784256761552935e-12,3.958448786208e-12,5.085332848568947e-12,1.0518568993974287e-11,1.1308206818375932e-11,3.706131280707517e-12,4.471664739720519e-12,-4.684779291204555e-12
5.0,15.0,0.0164284357619061,-0.0049389299426344,-0.0052310322402933,-0.003464879507827,-0.0017186886415211,-0.0007058794711548,-0.0002544151458479,-8.237860453680223e-05,-2.404056532182755e-05,-6.3057938053835705e-06,-1.4825711630419278e-06,-3.10942947434421e-07,-5.6675294047640274e-08,-7.4026405918911424e-09,9.414987144247735e-10,1.8852398011041243e-09,1.5068009839758472e-09,8.23106057683458e-10,-1.301297075962936e-11,-9.554706245215836e-10,-1.941817936599368e-09,-2.900536452617279e-09,-3.754098549156314e-09,-4.40891040128011e-09,-4.7616756350204844e-09,-4.725715781412154e-09,-4.2527483394302135e-09,-3.333069213760107e-09,-1.995330171731555e-09,-3.7105798820831087e-10
3.0,8.0,0.2058771492604615,-0.1798495687467353,-0.0227211480608172,-0.0027377935115,-0.0004284553078178,-0.0001054458059305,-2.7461013015445143e-05,-6.01857801423562e-06,-1.07663099064491e-06,-1.58637802430691e-07,-1.9377358084997004e-08,-1.8297555435668966e-09,3.413581473110346e-11,1.9756091896318807e-10,1.9429568444180286e-10,1.6420273223725108e-10,1.2134106584229887e-10,6.390717641078014e-11,-3.660394015006895e-12,-7.650128966071916e-11,-1.5206237911198283e-10,-2.2518815778855527e-10,-2.882423181791466e-10,-3.3361965795680797e-10,-3.5653666369569957e-10,-3.5207133942207747e-10,-3.1514562302987446e-10,-2.451100005482052e-10,-1.5063777213148024e-10,-3.748547983444729e-11
4.0,5.0,0.0988378247551128,-0.0947307854463588,-0.0033814726386191,-0.0005705491449041,-0.0001315034138492,-2.091654632001544e-05,-2.3807276634571246e-06,-2.026483496750679e-07,-1.3323081001414436e-08,-6.676303786613455e-10,-2.714821329188232e-13,2.7932436407699528e-11,3.0002534150250375e-11,3.213314733970531e-11,2.828355745832962e-11,2.991786244703769e-11,1.6110291181855748e-11,9.891228428114062e-12,1.8211581073180855e-12,-1.4245366944591003e-11,-2.706890913000138e-11,-3.3337898253061174e-11,-4.07967940810904e-11,-5.047977221604545e-11,-5.3724996645095165e-11,-4.718382890898889e-11,-4.0429441099451915e-11,-3.756171909473903e-11,-1.9774086472024752e-11,-9.534053750495656e-12
5.5,25.0,0.0954211331149178,-0.0391344077682195,-0.0320628185606952,-0.0152774469905575,-0.0055628130722756,-0.0019619789295673,-0.000792262868672,-0.0003589736638767,-0.0001626720709564,-6.852725093124727e-05,-2.6173337355079515e-05,-9.020196222533676e-06,-2.804314193915436e-06,-7.82442282896633e-07,-1.9013692252199505e-07,-3.463771457544174e-08,-1.0174038252147436e-10,3.5600527048488326e-09,-4.731734859094135e-10,-6.618691285059171e-09,-1.3342140115167527e-08,-1.9936089068373326e-08,-2.5809154086680083e-08,-3.0307471286085665e-08,-3.273774695104784e-08,-3.250968794492715e-08,-2.9269919465304044e-08,-2.294368997571409e-08,-1.3769755323095202e-08,-2.606450733296141e-09
3.5,5.0,0.0121961668952206,-0.0074554115425704,-0.0032960368270668,-0.0011591251971885,-0.000246781313245,-3.500471596904586e-05,-3.526680736913652e-06,-2.643912623734881e-07,-1.5240198848398407e-08,-6.437835513896593e-10,3.4671817059303477e-11,6.140244364154457e-11,6.172340260988838e-11,5.923823821690729e-11,5.3022766841639673e-11,4.5587742473048834e-11,3.2009395276692724e-11,1.756323236156148e-11,2.6663735064359493e-13,-2.073938847794824e-11,-4.196847756935473e-11,-6.140042934161614e-11,-7.921172757484495e-11,-9.383756437134552e-11,-1.0141746461481292e-10,-9.954958224459656e-11,-8.928639235142035e-11,-7.121239184390862e-11,-4.1804865369983804e-11,-8.231056823595543e-12
3.0,8.0,0.0918872528139951,-0.0778073304848884,-0.0120071993727438,-0.0018108119118693,-0.0002370010246551,-2.313219698501797e-05,-1.6800686111788755e-06,-9.344755049329806e-08,-4.071025357105765e-09,-1.2297122144966072e-10,1.458554423998508e-11,1.8042254104605398e-11,1.9138970063582977e-11,2.0325137976885763e-11,2.0101213698449308e-11,1.7247702428648897e-11,1.3156770957444008e-11,6.502940821718428e-12,-1.1945385001885562e-12,-8.644596017627192e-12,-1.6101883056656537e-11,-2.312080415901572e-11,-2.8534301834653448e-11,-3.148015049183583e-11,-3.2391928548239056e-11,-3.13107442985974e-11,-2.7443575087689035e-11,-2.0815393092452548e-11,-1.4099784624696427e-11,-6.775024720079637e-12
8.0,20.0,0.3895059371950722,-0.2610387387710652,-0.10448952754777,-0.0202819236236153,-0.0029230744424149,-0.0005426163794902,-0.0001549787531934,-5.122198878013344e-05,-1.680005292392255e-05,-5.160074259278162e-06,-1.4374915355791091e-06,-3.578052265658525e-07,-7.9163392995949e-08,-1.5458919338556045e-08,-2.565844746860884e-09,-2.2537308404160622e-10,5.931125195401212e-11,6.809946620467167e-11,1.4777914715317615e-11,-9.863678827343832e-11,-1.9576662348748127e-10,-2.5451479878153717e-10,-3.2171945028694413e-10,-4.0153223757419396e-10,-4.3572823020560647e-10,-4.001567156034581e-10,-3.5202621539500027e-10,-3.140697916324037e-10,-1.6701468068028788e-10,-5.193197751632775e-11
6.0,5.0,0.0512553452772925,-0.0403147477649978,-0.0095700512357806,-0.0012191046157803,-0.0001365262590565,-1.3751410903369696e-05,-1.0943883608997444e-06,-6.628950484240299e-08,-3.07843335436066e-09,-8.814538113299178e-11,2.2956631677684707e-11,2.643096888661887e-11,2.6768531785037528e-11,2.7219338769467843e-11,2.3593495538111737e-11,2.3631618869268868e-11,1.3437898838190707e-11,8.175994515448201e-12,1.4166060894176346e-12,-1.0949797939183064e-11,-2.1429207041497404e-11,-2.77265966323208e-11,-3.4775071917075086e-11,-4.3015886518720316e-11,-4.6373278690065696e-11,-4.234625214624986e-11,-3.70258936376591e-11,-3.291516986921812e-11,-1.7533499334480498e-11,-5.856032745183313e-12
8.0,20.0,0.3865763928208884,-0.2432820774639547,-0.089678040919215,-0.0277208490044205,-0.013533991654697,-0.0070586415892626,-0.0032390698308964,-0.0013180288809104,-0.0004914247749229,-0.0001720275770184,-5.70089110960359e-05,-1.7774715971437962e-05,-5.137282710129619e-06,-1.3418847965884991e-06,-2.945703337152771e-07,-3.5598451672836645e-08,1.4874829246755556e-08,1.3655821137673917e-08,-7.866777807482507e-10,-1.9383771525331776e-08,-3.9257571288215466e-08,-5.866242152507161e-08,-7.59349450152969e-08,-8.916529930475998e-08,-9.630459138120609e-08,-9.561316277287909e-08,-8.60666989069684e-08,-6.745235034109597e-08,-4.0445883394309126e-08,-7.604781064926421e-09
4.5,25.0,0.0126169336443872,-0.001798712634049,-0.0026110127927035,-0.0026923334293218,-0.0022276890071068,-0.0015458838052286,-0.0009197338535407,-0.0004754468649032,-0.000215533409469,-8.62907398507847e-05,-3.0683032044656456e-05,-9.730643694766295e-06,-2.755392905439451e-06,-6.898683852367526e-07,-1.4400063183782269e-07,-1.6710806405904122e-08,6.627327664580877e-09,6.0013579228716475e-09,-3.0137926024598667e-10,-8.290579334398285e-09,-1.6813685111620526e-08,-2.5149571894699944e-08,-3.2560265203630694e-08,-3.8221184343965714e-08,-4.128154719244218e-08,-4.100479603085436e-08,-3.691782235438355e-08,-2.8916451116945733e-08,-1.7357807897570464e-08,-3.266544120920666e-09
5.5,10.0,0.0283999407377256,-0.0177006355497927,-0.0047433758954565,-0.0033548440818158,-0.0017018783535866,-0.0006498360985911,-0.000193133514383,-4.5783451797431e-05,-8.827193091814506e-06,-1.4061559053541589e-06,-1.865977537380064e-07,-1.9684472884955732e-08,-4.0776304357810436e-10,1.4214589528633867e-09,1.4275293859803792e-09,1.2082034165420467e-09,8.786413572008413e-10,4.737348363390122e-10,-6.3543671098067965e-12,-5.494156592417571e-10,-1.115889597198965e-09,-1.663715070734126e-09,-2.152585775044577e-09,-2.529785376844508e-09,-2.7322342227511063e-09,-2.7089013892339267e-09,-2.436849502876835e-09,-1.912340202309017e-09,-1.1423510779410368e-09,-2.12381594173161e-10
3.5,10.0,0.1335265961346147,-0.1292619721916107,-0.0042149601486157,-4.93674469408652e-05,-2.9530983076086014e-07,-1.0854858132444403e-09,-1.9128394920451136e-11,-2.6884143905844687e-11,-1.81315563550008e-11,-2.215468217572165e-11,-2.961323489780289e-11,-3.212958383019689e-11,-3.0080647460291146e-11,-2.3913196831915467e-11,-2.2420934530365973e-11,-1.050880670647828e-11,-1.516751153458487e-11,-6.5736496617880796e-12,2.69034799530446e-12,3.903304866918825e-12,1.0460130939872156e-11,2.5037469114361288e-11,3.5577118736238165e-11,3.847983561907823e-11,4.2677601654581707e-11,5.049981660083386e-11,4.815315633010551e-11,2.996735845695995e-11,2.1392700656706645e-11,-4.081866768620597e-12
6.0,10.0,0.1820174540826676,-0.1550478792283943,-0.0177064714918831,-0.0063453241741989,-0.0022306810045153,-0.0005640082504054,-0.000105896023153,-1.5277263708162657e-05,-1.7399838343705637e-06,-1.593934436674083e-07,-1.1301359333474233e-08,8.026986192268225e-11,8.020333296850003e-10,8.08115263035348e-10,7.276965357639071e-10,6.23367570018756e-10,4.4098574759340304e-10,2.4062839091691434e-10,1.4583443857850625e-12,-2.8419514054810417e-10,-5.742118572051742e-10,-8.421306601034062e-10,-1.0856615451720801e-09,-1.2824287902153501e-09,-1.3844037296047555e-09,-1.3605248255847384e-09,-1.2201859748086407e-09,-9.699203501256982e-10,-5.727025090649541e-10,-1.1564475562027724e-10
5.0,15.0,0.3225099330499027,-0.2443005897111576,-0.0529141544135768,-0.0144502700988379,-0.006490439200595,-0.0027689658720205,-0.0010564564807979,-0.0003674243881413,-0.0001166502555659,-3.359036331133414e-05,-8.726704529491591e-06,-2.035640808121242e-06,-4.195693595803315e-07,-6.958547249938073e-08,-2.457330311367925e-09,7.661625235388528e-09,6.8812519922959605e-09,3.836871054862083e-09,-5.9454086921304e-11,-4.487303884290252e-09,-9.115807297135776e-09,-1.3602517969545718e-08,-1.7600814721318978e-08,-2.0675788419687e-08,-2.2328201384535628e-08,-2.2147739085778785e-08,-1.9927813066625515e-08,-1.5630886423956186e-08,-9.354611271727918e-09,-1.756508202870745e-09
4.5,15.0,0.0221972852570328,-0.0058979171289528,-0.006724474466209,-0.0049006003852361,-0.0026899186763118,-0.0012231834022762,-0.0004925320178681,-0.0001815677749175,-6.141268094931092e-05,-1.883274198594305e-05,-5.1785624290856535e-06,-1.268132009718717e-06,-2.732401416795442e-07,-4.841406094870154e-08,-3.575644878650411e-09,3.6617569954369006e-09,3.598439279122611e-09,2.0306681794208124e-09,-3.669202032703631e-11,-2.3813728888082117e-09,-4.840234317441428e-09,-7.234621555710435e-09,-9.364521145011529e-09,-1.0995054680268233e-08,-1.187460188548446e-08,-1.1788996727968936e-08,-1.0610592676325448e-08,-8.312555299759641e-09,-4.980887483787838e-09,-9.282888141585003e-10
4.5,8.0,0.2912763643415165,-0.1656151774242333,-0.0870105299189917,-0.0298232466959483,-0.0072770795685448,-0.0013321940247914,-0.0001929443105449,-2.2775664363368143e-05,-2.216113969444905e-06,-1.772848721921018e-07,-1.0071358740498326e-08,1.384411044841665e-09,2.0239683025929456e-09,1.9622941468846194e-09,1.778338474440446e-09,1.48472066856603e-09,1.0895225638765631e-09,5.833000860351847e-10,-1.4956945455254482e-11,-6.76935276688489e-10,-1.3721809592341944e-09,-2.052923127819319e-09,-2.6544870585712355e-09,-3.108398123078622e-09,-3.352462155884287e-09,-3.329731293869732e-09,-2.995405994848514e-09,-2.339288523709008e-09,-1.40682243768824e-09,-2.669391507131526e-10
3.5,10.0,0.2251428936899023,-0.1343128690086783,-0.0646212043621826,-0.0191325392481603,-0.0050871250850354,-0.0014134930719283,-0.0004169911412348,-0.0001196548860867,-3.067742501469028e-05,-6.7828939871783625e-06,-1.284007172412378e-06,-2.064144761508295e-07,-2.5511098977199413e-08,5.570935258738553e-10,3.4581893708678067e-09,3.219877725970311e-09,2.352686465955573e-09,1.273809836474948e-09,-1.0783277501290328e-11,-1.4809976910098595e-09,-3.006602943201522e-09,-4.4691106006293114e-09,-5.7797511611628805e-09,-6.8013823411045595e-09,-7.346642320741414e-09,-7.272388520957254e-09,-6.539268724094763e-09,-5.145733273125876e-09,-3.066227001785777e-09,-5.774210487546961e-10
5.5,10.0,0.2528260390357946,-0.1580734630947131,-0.0646715600527284,-0.0194559067040337,-0.0068960506027487,-0.0025355417774868,-0.0008544190496025,-0.0002548452848679,-6.6069404967847e-05,-1.4748844110423735e-05,-2.8283257538177136e-06,-4.624697431717285e-07,-5.9057274751950884e-08,1.3039529700788035e-10,6.9575507124718025e-09,6.561636263748509e-09,4.826220467636597e-09,2.607385877549247e-09,-3.2437554365827137e-11,-3.024590801726314e-09,-6.1429587204629214e-09,-9.154214726727361e-09,-1.1843070564936964e-08,-1.3921003115278524e-08,-1.5035204811288214e-08,-1.4903013567264445e-08,-1.3405730528951744e-08,-1.0525811525536656e-08,-6.287085851725133e-09,-1.175650932949676e-09
3.5,15.0,0.1434312654648665,-0.1269564775061921,-0.0080380833492858,-0.0036091308656043,-0.0024193748209262,-0.0013496857976245,-0.0006430932436322,-0.0002685828501008,-9.988896963571307e-05,-3.333236384819427e-05,-1.0000476170231018e-05,-2.6939600452551e-06,-6.466946026335766e-07,-1.3324802674046746e-07,-1.8506535484346987e-08,3.3397518496750123e-09,5.353034312963154e-09,3.2086564796209387e-09,-6.926525589427414e-11,-3.851614773949875e-09,-7.824990912981176e-09,-1.1692755965920737e-08,-1.513335824218215e-08,-1.7767806213384843e-08,-1.9187679548974768e-08,-1.9046920967591225e-08,-1.7142514208367737e-08,-1.343272331946859e-08,-8.051814862291882e-09,-1.5113149073834761e-09
8.0,20.0,0.3736540526016037,-0.2689951311784571,-0.0870022666747427,-0.0140620282733883,-0.0024549856962656,-0.0007191523959825,-0.0002620930644253,-0.0001003501653273,-3.809996688692718e-05,-1.3655890638602756e-05,-4.4781353629124464e-06,-1.3247221929686963e-06,-3.5109652058041645e-07,-8.211587795138928e-08,-1.5705212252997752e-08,-1.2410881831256778e-09,1.0835954831700516e-09,8.38880471562743e-10,-1.7059325592551383e-11,-1.1042285917241107e-09,-2.236784328462115e-09,-3.3110287695777396e-09,-4.278843042344174e-09,-5.0429791526070045e-09,-5.447639537673432e-09,-5.381235257895067e-09,-4.836782279354117e-09,-3.822021874854198e-09,-2.2750494610665638e-09,-4.470745133623256e-10
4.0,8.0,0.0481573864435712,-0.0477143798566317,-0.0004415530526865,-1.451110683991568e-06,-2.4274409345650806e-09,-5.377838717969849e-12,-2.663137163527094e-12,-6.029577266549257e-12,-2.28749715593973e-12,-3.444988118876255e-12,-5.9112637716063725e-12,-6.723501250877467e-12,-5.953608701940579e-12,-4.353564980852231e-12,-2.905004142714683e-12,-2.039148615002576e-12,-1.2762175665151e-12,-9.973106972268222e-13,-5.772899067187965e-13,4.374623908290154e-13,1.794514978469158e-12,3.39622268729167e-12,5.27268348753773e-12,7.330373984177555e-12,8.884197198658756e-12,9.452991646766764e-12,8.981943516932019e-12,7.30232306674747e-12,3.450280119911952e-12,-1.985802300462508e-12
3.0,5.0,0.0893632585789794,-0.0850487195227268,-0.0036178288079592,-0.0005802251365845,-0.0001013670249098,-1.356431604735622e-05,-1.4265375006556112e-06,-1.1882961166052825e-07,-7.869417936127456e-09,-3.999772634738177e-10,1.2284957067003718e-12,1.838092433549439e-11,2.0028852327443404e-11,2.2273455334487407e-11,1.9416306282372028e-11,2.1933634200543848e-11,1.0784747799008691e-11,6.927578097047509e-12,1.7125551482063105e-12,-1.0545591916871786e-11,-1.9743073276142856e-11,-2.3040846378622256e-11,-2.7703938258727197e-11,-3.4911329442275654e-11,-3.700952450822811e-11,-3.115497510704541e-11,-2.6200836491154288e-11,-2.5902226181046518e-11,-1.3011238227913382e-11,-7.693899622626343e-12
8.0,5.0,0.0124745931073317,-0.0081515175664071,-0.0027642345350616,-0.0011777020729799,-0.0003151654262905,-5.756456987862095e-05,-7.592595243181185e-06,-7.539830204635478e-07,-5.8167875995499385e-08,-3.5011882589986e-09,-8.435722118992769e-11,9.111017264379252e-11,9.763552992457032e-11,9.370644774887666e-11,8.414722057795647e-11,7.166216342935649e-11,5.1015792470098745e-11,2.778821532536504e-11,9.143565167003185e-14,-3.2600590249567325e-11,-6.6048680190359e-11,-9.734674605132382e-11,-1.2571642662197168e-10,-1.4843638564843622e-10,-1.6036605430544163e-10,-1.580311458770964e-10,-1.4189622008152308e-10,-1.1243397178553971e-10,-6.646908821531123e-11,-1.2815537167712198e-11
3.5,10.0,0.0073227171133468,-0.0046228306130562,-0.0021794588525958,-0.0004609416290721,-5.505674598469812e-05,-4.199153116282426e-06,-2.213362705792012e-07,-8.523245845931123e-09,-2.4864722746385455e-10,-4.430599699113624e-12,1.079915028765263e-12,1.1568306527365705e-12,1.191060059092931e-12,1.3724124761066514e-12,1.0043646428871832e-12,1.5159697178088234e-12,4.1752031623016986e-13,4.1640017010693493e-13,3.118646523065084e-13,-6.883525224001636e-13,-1.3099359314642693e-12,-1.233775025745766e-12,-1.451713204058991e-12,-2.158981735452986e-12,-2.370786590353894e-12,-1.7327097891343726e-12,-1.3955813090191096e-12,-1.803248225190132e-12,-6.422355739494748e-13,-4.4073682263822697e-13
4.5,5.0,0.1404963763518658,-0.1316903899706534,-0.0080560576938888,-0.0006115693103728,-0.0001119935772445,-2.2441899767119705e-05,-3.4727321427975727e-06,-4.101271527576397e-07,-3.790216133089058e-08,-2.7802553685757202e-09,-1.4046135252378568e-10,2.0864907120853878e-11,3.067512701595722e-11,3.4513157338134974e-11,2.997828325487444e-11,3.4108340069404645e-11,1.6562852956130574e-11,1.073010426952272e-11,2.780445138065028e-12,-1.6379807469014122e-11,-3.067378264650329e-11,-3.5608184413873246e-11,-4.279131308484085e-11,-5.4128231945430855e-11,-5.7430160866448535e-11,-4.81761594870581e-11,-4.047514528938232e-11,-4.028533842021885e-11,-2.007523024697476e-11,-1.1923559678042756e-11
7.0,25.0,0.0482713113282291,-0.0121329168905578,-0.0145835178701593,-0.0112418718352531,-0.0063198848828686,-0.0027293405134679,-0.0009333785392497,-0.000258280225922,-5.882859481422167e-05,-1.1186711286500284e-05,-1.7952607698803396e-06,-2.425912650667812e-07,-2.4492870325310052e-08,1.624553237696947e-09,3.926007605448729e-09,3.5074069339876472e-09,2.5600575714082755e-09,1.3827398250251631e-09,-1.5454634706569345e-11,-1.602265661103596e-09,-3.25578319559577e-09,-4.851893039366079e-09,-6.278384847804542e-09,-7.38264018535623e-09,-7.975266425465591e-09,-7.905409260101875e-09,-7.111971279243937e-09,-5.585864959054349e-09,-3.334759372375093e-09,-6.207062188593144e-10
7.0,20.0,0.0738294413191131,-0.0145989100797107,-0.0190765125210471,-0.0168602923059588,-0.0115436470781461,-0.006507155918176,-0.0031411622419224,-0.0013357458800585,-0.0005101891591096,-0.0001770963538014,-5.61980201724166e-05,-1.6331495428607708e-05,-4.330845242722063e-06,-1.026066999748124e-06,-1.9520443382477802e-07,-9.129326630961713e-09,2.10255613278856e-08,1.4905615877115317e-08,-5.60402205730845e-10,-1.9295020635042152e-08,-3.915422858931672e-08,-5.8543202227859064e-08,-7.578630468614226e-08,-8.897226482623057e-08,-9.609338939794865e-08,-9.542586616241196e-08,-8.590161374425305e-08,-6.729054923365107e-08,-4.0357875949089055e-08,-7.559442624449911e-09
2.0,10.0,0.1138054952575605,-0.0948378544726281,-0.0136744885700501,-0.0039233181413817,-0.0010111187908782,-0.000269833611756,-6.988379509920328e-05,-1.5603623362829335e-05,-2.885586473368933e-06,-4.419602283462417e-07,-5.6281980815279655e-08,-5.603952588316769e-09,9.757115082168336e-12,5.181359058338733e-10,5.045565881835435e-10,4.3365549793017996e-10,3.0801324837121536e-10,1.6782766966734052e-10,6.274885202254244e-13,-1.9765936222676283e-10,-3.9968217061001355e-10,-5.87457655663118e-10,-7.577230776141341e-10,-8.94472060733038e-10,-9.656804653494627e-10,-9.50159351812552e-10,-8.525278488618785e-10,-6.765671243334953e-10,-4.001736277052347e-10,-8.008201185432846e-11
3.0,5.0,0.0373099935274116,-0.0314000109556839,-0.0039903447891819,-0.0014973872801406,-0.0003574856248496,-5.7526631330642784e-05,-6.626559299587487e-06,-5.711224177771678e-07,-3.803952678740773e-08,-1.932483177500305e-09,8.431130984194778e-12,9.471594460491404e-11,9.73132498079964e-11,9.411936249457784e-11,8.429146863413476e-11,7.340123613785305e-11,5.0785011758864085e-11,2.7994003648987228e-11,6.250454847427233e-13,-3.3546328626183805e-11,-6.750843035922891e-11,-9.769473433382355e-11,-1.2558222341885207e-10,-1.4898799363421992e-10,-1.6078611986325642e-10,-1.5686599389479632e-10,-1.4033503012939828e-10,-1.1275653117998988e-10,-6.592744844483568e-11,-1.4169106479338483e-11
8.0,8.0,0.1922170143398042,-0.1446098550085716,-0.0363931894358343,-0.0085749623888133,-0.0020226347546382,-0.0004815036864047,-0.0001089691438734,-2.163722318726086e-05,-3.659118905636544e-06,-5.259124873701298e-07,-6.395578120157258e-08,-5.891843387533188e-09,3.6633883304487325e-10,9.074868873068511e-10,8.658008294126651e-10,7.265175432121232e-10,5.332038694280291e-10,2.852068177246505e-10,-7.835919033724984e-12,-3.318834313760534e-10,-6.716015516067303e-10,-1.003496527998603e-09,-1.2963575030428663e-09,-1.516829272888753e-09,-1.634723068832797e-09,-1.6225198296829683e-09,-1.458959487179832e-09,-1.1395060976239391e-09,-6.86388629505166e-10,-1.340903594175968e-10
8.0,15.0,0.2133065654984664,-0.1433965559250579,-0.058475905193412,-0.010351023233984,-0.0010171052798217,-6.319364608990071e-05,-2.697425708076671e-06,-8.409454563679793e-08,-2.3131167486805474e-09,-4.0372875984812816e-10,-3.9380702529175424e-10,-4.0462645906970887e-10,-3.9993614331657047e-10,-3.741095600195092e-10,-3.4324540503336235e-10,-2.700049812933074e-10,-2.1435024948656167e-10,-1.1063838374483496e-10,9.519953279277656e-12,1.2222198296507132e-10,2.5123866234436286e-10,3.9415313854111247e-10,5.14229428086078e-10,5.92873693230587e-10,6.399695102054905e-10,6.51171389436541e-10,5.90195201814321e-10,4.4454312986440156e-10,2.7640332652064166e-10,4.1218933982173016e-11
7.0,20.0,0.3111310765019104,-0.1119066017127524,-0.1056114708802309,-0.0592559220320243,-0.0234370039157325,-0.0073929996466077,-0.0022254040284628,-0.0007760514879049,-0.0003161356625753,-0.0001316182586392,-5.126281455103299e-05,-1.8147338325768823e-05,-5.797740632455624e-06,-1.6593788907875664e-06,-4.124105706565012e-07,-7.65557482032062e-08,-3.4516509295395203e-10,7.937471076248852e-09,-1.0915948424353558e-09,-1.4966005360847842e-08,-3.015095815327406e-08,-4.5025369858274494e-08,-5.8284863480721566e-08,-6.845961587757269e-08,-7.395083547360269e-08,-7.341397842735006e-08,-6.609033073027812e-08,-5.182550975998056e-08,-3.107897336500051e-08,-5.873119736380305e-09
5.0,10.0,0.1895791723305261,-0.1476499519845469,-0.0378178020432921,-0.0038899752640701,-0.0002139781565257,-7.293448317675167e-06,-1.687809635853059e-07,-2.8883922651920596e-09,-9.945785612155075e-11,-7.227010456618159e-11,-8.280454711132472e-11,-8.67775748086034e-11,-8.430673516490033e-11,-7.402905579947225e-11,-7.050256081533163e-11,-4.456078315939224e-11,-4.667737250431201e-11,-2.1552476881928118e-11,6.2257240732722735e-12,1.9548835250951275e-11,4.266976759098885e-11,7.9668292923088e-11,1.0717047150417011e-10,1.1761383890262706e-10,1.2723941203552003e-10,1.3994597810905442e-10,1.2989198900953846e-10,8.712097113828783e-11,6.02033060493789e-11,1.402838107908053e-12
3.0,5.0,0.0630637632869426,-0.0540808584389859,-0.0057269644132522,-0.002400193653175,-0.0006946218942927,-0.0001386063394344,-2.01078967380824e-05,-2.207005521250409e-06,-1.8892388461705522e-07,-1.2752189883723041e-08,-4.961427640496341e-10,2.0230780812428148e-10,2.335710098702375e-10,2.2601858581682422e-10,2.0296542297796318e-10,1.7467349493247622e-10,1.2280371381225628e-10,6.718307429576307e-11,6.843596214446174e-13,-7.971851807695244e-11,-1.6084514968878854e-10,-2.349769987795351e-10,-3.0264468536898995e-10,-3.5788609282233983e-10,-3.8627157504140286e-10,-3.788041832258417e-10,-3.3946809713018964e-10,-2.706413189210082e-10,-1.5938500989551856e-10,-3.2840085766111616e-11
3.0,5.0,0.1912133155158063,-0.1708619772726975,-0.0186913342956209,-0.0014592162648161,-0.0001737290069046,-2.4156784660744136e-05,-2.664286005471465e-06,-2.2234091277581682e-07,-1.4337750922751383e-08,-7.005704229363925e-10,1.6012892153747918e-12,2.989683994537307e-11,3.2909756755196086e-11,3.8002175805429956e-11,3.214015599611159e-11,3.974295308420172e-11,1.6919790929504693e-11,1.1860273761792312e-11,4.3037029527167374e-12,-1.9139922157778328e-11,-3.5488653517358075e-11,-3.858116999636526e-11,-4.5558516118862615e-11,-5.954924522600984e-11,-6.322010065534922e-11,-5.030253103223961e-11,-4.1333739593674125e-11,-4.4823533888427234e-11,-2.064725783588746e-11,-1.4584994873900388e-11
4.0,15.0,0.346477774884612,-0.1601319595941584,-0.1143207634118552,-0.0493919682602411,-0.0163236879977426,-0.0047029745191465,-0.0012412590743674,-0.0002932259338661,-5.9802767947413046e-05,-1.0350525127168552e-05,-1.5136541454138468e-06,-1.8201822871728506e-07,-1.1612596705894582e-08,6.7052001142781105e-09,7.62892318459372e-09,6.547902481926913e-09,4.742877810763184e-09,2.564820689505113e-09,-2.2351893740554342e-11,-2.979756885171235e-09,-6.050756723800259e-09,-8.998417922801333e-09,-1.1639736571112036e-08,-1.3697029376497426e-08,-1.4796199017798685e-08,-1.4650646580013149e-08,-1.3175363601206554e-08,-1.0363957820103482e-08,-6.1754449230119134e-09,-1.155190619666438e-09
6.0,5.0,0.0912374179938711,-0.0828758353660628,-0.0074262501509557,-0.0008704543880964,-6.201965954253791e-05,-2.7720252350498268e-06,-8.44861884929262e-08,-1.8628442404184434e-09,-2.095258507841056e-11,9.011325405771754e-12,5.916336631675061e-12,4.927394984238811e-12,5.9805559488820826e-12,8.87712339785757e-12,7.059632322316947e-12,1.196427408117166e-11,3.0661201971604093e-12,2.92732205136389e-12,2.0360092059124466e-12,-5.967785676472879e-12,-1.0480676598143022e-11,-8.834140450535631e-12,-9.327361528292734e-12,-1.3735610370771271e-11,-1.4269452599316066e-11,-8.277608632681334e-12,-5.5730516663103826e-12,-1.0204207454590536e-11,-3.2551447270206056e-12,-5.813217845363614e-12
3.5,20.0,0.3191545592091147,-0.1149399972465966,-0.0973882536398668,-0.0548211173525367,-0.0276744353040625,-0.013600153839121,-0.0063489939033477,-0.0027421097058156,-0.001080750701622,-0.0003856583196868,-0.0001240680033609,-3.590029406243311e-05,-9.300758318523773e-06,-2.1095746192446206e-06,-3.701746242837667e-07,-3.4182502265348427e-09,4.879846529981659e-08,3.2445633198009685e-08,-9.35784057356043e-10,-4.051268669305404e-08,-8.228931995983082e-08,-1.230318666915505e-07,-1.592679736205261e-07,-1.869908123725481e-07,-2.0195913401674708e-07,-2.005425804600527e-07,-1.8052421860071297e-07,-1.4143090801458276e-07,-8.481515352862329e-08,-1.589677378482481e-08
3.0,10.0,0.0074057022271319,-0.0016798551914799,-0.0021113916131628,-0.0017425370388664,-0.0010714255791973,-0.0005157162296022,-0.0001998089926709,-6.352397111116397e-05,-1.6822621835819882e-05,-3.7568686213441008e-06,-7.140608896055419e-07,-1.1529337190437402e-07,-1.4540701682824936e-08,1.5233219529267145e-11,1.6699412326678227e-09,1.5684320714239512e-09,1.158188039385982e-09,6.243678273629975e-10,-9.909255114573107e-12,-7.225440266891592e-10,-1.4682789782989455e-09,-2.19327453589544e-09,-2.838635948714419e-09,-3.3335482090337662e-09,-3.600165663638274e-09,-3.5730081612163632e-09,-3.2152616654872514e-09,-2.519498989218413e-09,-1.507993504040022e-09,-2.795649909333137e-10
3.5,5.0,0.0052902361083402,-0.004492714707001,-0.0006198173647459,-0.0001535801641131,-2.196040165227189e-05,-2.026927417858072e-06,-1.3016985184632342e-07,-6.132257915830589e-09,-2.1697890842923007e-10,-2.1454279686813884e-12,3.979617559290815e-12,4.160083574417507e-12,4.183769404216841e-12,4.1693109164300016e-12,3.680512090632316e-12,3.4665011194010197e-12,2.1582475289464668e-12,1.2506718948975393e-12,1.256841371095155e-13,-1.600130814170086e-12,-3.1614202646995264e-12,-4.294399248339111e-12,-5.438597546276104e-12,-6.587252654322499e-12,-7.094760019948768e-12,-6.67255052449944e-12,-5.892029340032645e-12,-4.996804363191229e-12,-2.787808434063057e-12,-8.013996911060788e-13
5.0,20.0,0.1020755376735341,-0.0372862297339973,-0.0343122168867256,-0.0186688603241319,-0.0075192995056762,-0.0026895620101788,-0.0009857866179033,-0.0003830695672201,-0.000149320591065,-5.496367802480208e-05,-1.8481587238654905e-05,-5.600191851885959e-06,-1.518481299777023e-06,-3.619292734325006e-07,-6.923407223491173e-08,-4.306684370759547e-09,6.1956840952615404e-09,4.5073593699955766e-09,-1.5506489207879075e-10,-5.8246606715804385e-09,-1.1823650585772105e-08,-1.7667851466945512e-08,-2.287060195907201e-08,-2.6859366049454512e-08,-2.90112827074914e-08,-2.8800229314563208e-08,-2.5924268697573144e-08,-2.032143166614984e-08,-1.218118624468172e-08,-2.288103788919539e-09
7.0,20.0,0.0956667419310238,-0.0642097735576369,-0.0262889050417653,-0.0046760318865175,-0.0004618973873256,-2.885658065481549e-05,-1.2388716324634904e-06,-3.901467224785354e-08,-1.2669258389043531e-09,-3.9546921242486464e-10,-4.0189872616738153e-10,-4.1224506310719904e-10,-4.0814179420895636e-10,-3.857111760060171e-10,-3.511076029648351e-10,-2.8505205260259036e-10,-2.1695420920602063e-10,-1.1427972150234192e-10,5.976587264794361e-12,1.2942404969988856e-10,2.642400641253097e-10,4.0431834242483535e-10,5.252589047978971e-10,6.108905871895524e-10,6.592644378134621e-10,6.62483277532204e-10,5.982705815468613e-10,4.5931492645035916e-10,2.80427468529918e-10,4.716476920263929e-11
5.5,10.0,0.2893706494673881,-0.2490520631219338,-0.037576817359741,-0.0026071863965265,-0.000129009854782,-5.384119179508762e-06,-1.838662577398629e-07,-4.98657279475937e-09,-1.7824223614090752e-10,-8.9657359832467e-11,-1.047043883013735e-10,-1.1061295287262866e-10,-1.065034119457075e-10,-9.159286167750447e-11,-8.659278819493508e-11,-5.233091286784512e-11,-5.7366965647970095e-11,-2.6335522330992344e-11,7.866315351416353e-12,2.2332834066348493e-11,5.031285774505432e-11,9.767377746286884e-11,1.328977425010978e-10,1.4593006261265251e-10,1.5886328579385078e-10,1.7704606392038826e-10,1.6527006110230786e-10,1.0964694794872548e-10,7.576380721320786e-11,-1.9333583460479843e-12
7.0,25.0,0.3457960686342583,-0.1223392569426281,-0.1065283365337364,-0.0584464852687169,-0.0282510957320803,-0.0144332152001439,-0.007727015597628,-0.0041000978931347,-0.0021039183978751,-0.0010331767887817,-0.0004812088807784,-0.0002109567598294,-8.655748697874256e-05,-3.30699977086407e-05,-1.1669179311318016e-05,-3.73462288528687e-06,-1.043044788665269e-06,-2.504573906610688e-07,-1.0296658017120613e-07,-1.6356073489690845e-07,-2.8657298137708225e-07,-4.21120501377467e-07,-5.438925320710413e-07,-6.38288619301046e-07,-6.895205102936073e-07,-6.85166320094213e-07,-6.171764916504023e-07,-4.8374892160232e-07,-2.910407989443991e-07,-5.590100070371037e-08
7.0,10.0,0.3260610523956671,-0.2240261891970011,-0.076204431580605,-0.0185734712469801,-0.0050288988390107,-0.0015632735471748,-0.0004854446368301,-0.000137002668426,-3.365958682101741e-05,-7.116017634161578e-06,-1.2955952235063123e-06,-2.015813731945404e-07,-2.3807153372058767e-08,1.1965480565250035e-09,3.875355420642368e-09,3.557502764688726e-09,2.5911517333366557e-09,1.4034638766620644e-09,-1.0604770829058072e-11,-1.6338913693304012e-09,-3.315468593840612e-09,-4.923033941625707e-09,-6.364940736425088e-09,-7.491635035607642e-09,-8.091482624993818e-09,-8.005180141912902e-09,-7.196616941208532e-09,-5.667149843061657e-09,-3.3750969367726126e-09,-6.401478454522589e-10
4.5,5.0,0.0261980163014833,-0.0140484245302201,-0.0086967655869626,-0.0027827364481079,-0.000574750520108,-8.497949398659642e-05,-9.477441070462588e-06,-8.21783173303266e-07,-5.65431976646988e-08,-3.0251229645290272e-09,3.693700476998589e-12,1.4754583606969586e-10,1.5178941603866808e-10,1.4565406270432083e-10,1.3036720885319428e-10,1.1187765723832652e-10,7.872508896486323e-11,4.316491786226278e-11,6.072047672709718e-13,-5.0865628507216086e-11,-1.030133803274238e-10,-1.5094935934218446e-10,-1.948369260974288e-10,-2.3075983726414208e-10,-2.4945110630506747e-10,-2.4507161035613413e-10,-2.1988578195406812e-10,-1.751881990527437e-10,-1.0290659697253887e-10,-2.0001767644892547e-11
5.0,15.0,0.0975083059051816,-0.0383329604124467,-0.0328451684442513,-0.0167090998815182,-0.0063985488364146,-0.0021641006834464,-0.0007178980305323,-0.0002375360780513,-7.474756470717204e-05,-2.1323376171446364e-05,-5.383475745273852e-06,-1.1913903288087454e-06,-2.2683918586856642e-07,-3.251896635397815e-08,1.3310457627982271e-09,5.56762904378082e-09,4.58969245187272e-09,2.519896310750807e-09,-3.758843961267949e-11,-2.9287285186020678e-09,-5.951997412486326e-09,-8.886234447966628e-09,-1.1500646966079436e-08,-1.3509981509576032e-08,-1.4591510633002937e-08,-1.4477638580220085e-08,-1.3028035930603572e-08,-1.0215752755161696e-08,-6.113364915032908e-09,-1.1398867536048383e-09
7.0,5.0,0.077446817847327,-0.0641122216535304,-0.0106190583918333,-0.0022634483762996,-0.0003992049313709,-4.8399161981569984e-05,-4.197418569997009e-06,-2.7317953516666704e-07,-1.3781176159182377e-08,-4.794711846868614e-10,6.700824931982702e-11,8.652912162972056e-11,8.709115606617578e-11,8.565091844062365e-11,7.597847059021552e-11,6.936839501607379e-11,4.501002327080913e-11,2.5577693849391068e-11,1.7999724153180557e-12,-3.189170922879524e-11,-6.349114308606809e-11,-8.844738977918465e-11,-1.1273638824004524e-10,-1.3547989340350079e-10,-1.4608873546655076e-10,-1.3949005252188932e-10,-1.238665572717336e-10,-1.0277651830625428e-10,-5.838865696182561e-11,-1.4889293093532897e-11
5.5,8.0,0.2290026019369156,-0.2116397257780759,-0.0168615503417589,-0.0004938055631637,-7.451507046481952e-06,-6.839402026582655e-08,-4.439115753563134e-10,-4.094851922635397e-11,-2.3944263040725603e-11,-3.016974723405342e-11,-4.1844072549331555e-11,-4.580547460939861e-11,-4.227399842972795e-11,-3.4485443922938176e-11,-2.65357926947866e-11,-2.0615747720649808e-11,-1.394771337801474e-11,-8.917554346217053e-12,-2.5406123344051746e-12,7.2220713278326595e-12,1.865328330407384e-11,3.08717629474764e-11,4.380056837273751e-11,5.6576893859297525e-11,6.539527666029823e-11,6.758443180347263e-11,6.288866473058898e-11,5.0606816426788365e-11,2.6123166063429736e-11,-6.707399074530652e-12
5.5,10.0,0.1265706410127058,-0.1167445490126191,-0.0073305245161952,-0.0017343785586255,-0.000546585414819,-0.0001614824261465,-4.206952489378192e-05,-9.142713842840588e-06,-1.632894867269198e-06,-2.4096281735377777e-07,-2.950423723278921e-08,-2.789238517822532e-09,5.4228434750445565e-11,3.0163864525343327e-10,2.8908065865658795e-10,2.516884722171485e-10,1.7567673544455138e-10,9.634245881526051e-11,1.353907154346485e-12,-1.1514028109535148e-10,-2.3163043992294086e-10,-3.3642672873327816e-10,-4.3244213251591355e-10,-5.117008026278894e-10,-5.51803930347892e-10,-5.393716269909348e-10,-4.827032744655998e-10,-3.8637387351276956e-10,-2.2721031833658708e-10,-4.933093861894439e-11
5.5,25.0,0.360192299070044,-0.1918905631181849,-0.1195826176717241,-0.0369324350915284,-0.0076767073098059,-0.0018969569216,-0.0009251127016589,-0.0005797475831414,-0.0003474469255083,-0.0001906110546886,-9.564140787091426e-05,-4.400675629206043e-05,-1.8604350718998653e-05,-7.2282730458973715e-06,-2.5715396290255808e-06,-8.26890904087798e-07,-2.330784891530532e-07,-5.6957663832845153e-08,-2.1630602581790445e-08,-3.10074056790071e-08,-5.351231065740217e-08,-7.848883984498717e-08,-1.0135541464792389e-07,-1.189693855406891e-07,-1.285290812006661e-07,-1.2770581678838212e-07,-1.1504208180666217e-07,-9.021756019909413e-08,-5.429232688192695e-08,-1.0496562223290285e-08
5.0,15.0,0.3570731223128022,-0.1962243344285028,-0.1039671003024633,-0.0361588070398809,-0.0134131574984851,-0.0050814064449938,-0.0016600397581001,-0.0004467387027962,-9.95012924542932e-05,-1.8570685487660185e-05,-2.9318835477844664e-06,-3.8686627853276633e-07,-3.3745443563170694e-08,7.919029506386439e-09,1.1067901310206349e-08,9.630533567685381e-09,7.013698908867651e-09,3.78562240389402e-09,-4.574019556492296e-11,-4.390965107565386e-09,-8.918124044408668e-09,-1.3287963738194614e-08,-1.719151985397515e-08,-2.0210286626524932e-08,-2.182843069685831e-08,-2.1635173598708543e-08,-1.9461495357180493e-08,-1.528231192203424e-08,-9.125451495871048e-09,-1.703600360391396e-09
6.0,8.0,0.2155603843345167,-0.1427906920669011,-0.0592220210802323,-0.0120240306054108,-0.0014102688837767,-0.0001074223620205,-5.718197396433656e-06,-2.2381692794476882e-07,-6.576617386086858e-09,-2.4012687987193648e-11,1.3169655222386247e-10,1.3603147717005584e-10,1.3700478983536252e-10,1.3414506034158433e-10,1.2461545687439352e-10,1.0429596046652057e-10,7.797575230223036e-11,4.064938968227532e-11,-3.0882855830835408e-12,-4.8895569521064295e-11,-9.672422012777274e-11,-1.4363042406361752e-10,-1.8349091991032108e-10,-2.1113323430549035e-10,-2.2497116181802958e-10,-2.2246545839153582e-10,-1.9900839074185472e-10,-1.537482825126571e-10,-9.555942263850928e-11,-2.4951071338837587e-11
7.0,25.0,0.0786160675768032,-0.0773437644302503,-0.0012649094179476,-7.371882003765511e-06,-2.1917835852965508e-08,-9.01831656586621e-11,-5.883134401177779e-11,-7.161257078939367e-11,-7.248579287255279e-11,-8.005665998161955e-11,-8.807664927382004e-11,-9.116913101244307e-11,-8.940588510265756e-11,-8.233131150274243e-11,-7.478935011245113e-11,-5.763682365610496e-11,-4.6566789353724494e-11,-2.405455425544189e-11,1.979970387204552e-12,2.56466654955208e-11,5.3681089751015105e-11,8.587220624228176e-11,1.1306245241653308e-10,1.3074125631675954e-10,1.418535818174674e-10,1.4567863648047044e-10,1.3268973689159238e-10,9.927837133765487e-11,6.150525132754289e-11,6.5049607652346185e-12
8.0,25.0,0.1961981306841946,-0.0696575042052654,-0.0627945152546023,-0.0340869278810746,-0.0150943990311761,-0.0070943934688776,-0.0037532111840608,-0.0019967598499112,-0.0009877678895993,-0.000445194081528,-0.0001829170814201,-6.880967472297801e-05,-2.376941582156631e-05,-7.526356171481845e-06,-2.151640040737737e-06,-5.233829593364399e-07,-8.455274872513285e-08,2.757651423652498e-09,-9.196781024694854e-09,-4.926130041450943e-08,-9.698151346322189e-08,-1.4466713242975276e-07,-1.872529531341568e-07,-2.198229022638271e-07,-2.374493812411901e-07,-2.358894288012139e-07,-2.1242078072602525e-07,-1.664421963217793e-07,-1.000019081370721e-07,-1.89906139640586e-08
3.5,5.0,0.0494233482689259,-0.0469903592977254,-0.0018474536851369,-0.0004758151576497,-9.517855933633903e-05,-1.3104981145622864e-05,-1.3265390962570955e-06,-1.0326567993066692e-07,-6.357868845852286e-09,-2.9784617529078064e-10,7.390919878002559e-12,1.999652597672005e-11,2.0904173847316533e-11,2.1688949195053928e-11,1.9178471148442878e-11,1.922550303161025e-11,1.110632231579528e-11,6.608348968422081e-12,9.177352067476909e-13,-9.055612012493234e-12,-1.7467091555331058e-11,-2.2494353623049207e-11,-2.793968891253065e-11,-3.4150395300404865e-11,-3.650316294321227e-11,-3.311866783873213e-11,-2.8781285699622068e-11,-2.555302661594107e-11,-1.3887431324484947e-11,-5.487803097343645e-12
3.0,8.0,0.256869193559345,-0.1989558077129981,-0.0451754547100593,-0.0106096225994976,-0.0018725581145998,-0.0002327890747245,-2.1365455593205285e-05,-1.506892243283868e-06,-8.377928759986302e-08,-3.4925559026959505e-09,1.5988799106178014e-10,3.0030004241470203e-10,3.0488727866172005e-10,2.9578038744031505e-10,2.718082398382148e-10,2.27837816687494e-10,1.6849887296439667e-10,8.89271511709489e-11,-4.706030414915017e-12,-1.0566145594722654e-10,-2.1094830677916159e-10,-3.1354920019848537e-10,-4.0234519355375934e-10,-4.666086594528359e-10,-4.996605119496638e-10,-4.944399791742337e-10,-4.4317140237453725e-10,-3.445121220352118e-10,-2.1089914915089727e-10,-4.9311134990080855e-11
4.0,8.0,0.1072239323459786,-0.0956553540032545,-0.009980410188779,-0.0011119619515969,-0.0003408152337119,-0.0001049463114098,-2.499536968158163e-05,-4.659163471421789e-06,-6.952153732804884e-07,-8.45427537807179e-08,-8.376477182672841e-09,-5.337839845401991e-10,1.4263203494472918e-10,1.855956298471141e-10,1.7259187041734403e-10,1.4494509603504267e-10,1.0666654413119262e-10,5.661729941732399e-11,-2.3940591218212785e-12,-6.687568615504359e-11,-1.3407352473291048e-10,-1.9934818754299274e-10,-2.5630097475128177e-10,-2.9827520149352267e-10,-3.200926248014855e-10,-3.168278669759401e-10,-2.842212543414186e-10,-2.2157964179620246e-10,-1.3478528746064764e-10,-3.000798540306097e-11
4.5,8.0,0.1048374358837477,-0.0679277045085862,-0.0275496028857881,-0.0075075821131109,-0.001570927798744,-0.0002482061594336,-3.023664102444913e-05,-2.9279928360748832e-06,-2.3040522410542246e-07,-1.4693633995520756e-08,-4.688977373191616e-10,3.2046127454814085e-10,3.547619454299804e-10,3.410187572768449e-10,3.0980192916510326e-10,2.58762052322525e-10,1.9026746359032848e-10,1.0154350518430894e-10,-3.2056660342767948e-12,-1.1839666176019708e-10,-2.392650046300115e-10,-3.575905779807594e-10,-4.6169545178053084e-10,-5.395567127902148e-10,-5.811038081372856e-10,-5.768284723814444e-10,-5.185627398474403e-10,-4.0451912861930416e-10,-2.4416128824007416e-10,-4.8368871401435525e-11
8.0,10.0,0.0996588299032591,-0.054758742072312,-0.0332832779748287,-0.0097376500675135,-0.0016749326755456,-0.0001884425611014,-1.4877056951019194e-05,-8.667565465692172e-07,-3.8576214845330176e-08,-1.196951948139954e-09,1.3799170951352994e-10,1.7979607100363443e-10,1.7953879871313427e-10,1.7432775838948388e-10,1.5326802536182296e-10,1.3865394080620875e-10,9.031380471171207e-11,5.16369807117486e-11,4.167664745154834e-12,-6.303599789912067e-11,-1.2685844988346042e-10,-1.7844205584834458e-10,-2.2896489909303067e-10,-2.76294496253142e-10,-2.9930450074657417e-10,-2.876280912848761e-10,-2.564446499524537e-10,-2.1199750453428247e-10,-1.1972910214729734e-10,-2.6152607538491623e-11
7.0,5.0,0.1225017700843736,-0.0938006787008139,-0.0244478918195148,-0.003729519149133,-0.0004665077701979,-5.192218082435196e-05,-4.863405345818112e-06,-3.640761384459591e-07,-2.1485279268411843e-08,-9.244644972010896e-10,6.042861314710992e-11,9.990056133572299e-11,1.0135920727280507e-10,1.0068835057892184e-10,8.832724515233282e-11,8.349410509297272e-11,5.147691749146876e-11,3.007742341242415e-11,3.408752559882107e-12,-3.84123134757661e-11,-7.612509477017718e-11,-1.0320611953905707e-10,-1.3093983126819822e-10,-1.5928916421858096e-10,-1.7193770402808606e-10,-1.6162793217193819e-10,-1.4283167534123814e-10,-1.2158197884211363e-10,-6.728398555331456e-11,-1.85549262507108e-11
6.0,15.0,0.2574896665587785,-0.1151116631640773,-0.0915022443285551,-0.038580322780648,-0.0101938065313275,-0.0018373009975204,-0.0002390256181954,-2.340409484251136e-05,-1.7811960041898528e-06,-1.0741046180554285e-07,-4.435989994860576e-09,7.319421098725907e-10,9.371639842938975e-10,9.086977673524295e-10,8.068838165211962e-10,7.05913403068244e-10,4.824853622129292e-10,2.691067003171746e-10,1.1052060405649542e-11,-3.2048828897861923e-10,-6.482847158103681e-10,-9.36257298483477e-10,-1.2068641731620562e-09,-1.4403410264602192e-09,-1.558941276745781e-09,-1.5199738265629072e-09,-1.361331349605685e-09,-1.0993869975840132e-09,-6.35889743323994e-10,-1.2674232864792868e-10
5.5,5.0,0.0609155036707142,-0.0472285481969243,-0.0114639436766856,-0.0018598532926041,-0.0003127318341776,-4.50981637548537e-05,-4.900309576256463e-06,-4.011642833339707e-07,-2.536454148186404e-08,-1.2064729908653715e-09,2.4741255404772587e-11,7.674122806675594e-11,7.835845223365565e-11,7.675318801563445e-11,6.802805291224935e-11,6.168845001012931e-11,4.032757501106083e-11,2.2871117612630198e-11,1.5428448606638506e-12,-2.828030047568169e-11,-5.648741305274066e-11,-7.915988175688049e-11,-1.0112855976933708e-10,-1.2147051691005207e-10,-1.3112029731475698e-10,-1.2565259102391263e-10,-1.1176273076078047e-10,-9.234795753787024e-11,-5.2558855282404375e-11,-1.2775324520284906e-11
2.0,15.0,0.065432492025696,-0.0463268737616583,-0.0107260037683459,-0.0055673397903848,-0.0020576612857845,-0.0005859455112349,-0.000136642779445,-2.683531014393767e-05,-4.4696661213244365e-06,-6.311367299874367e-07,-7.507609289099387e-08,-6.9033837505312515e-09,1.9749788847718296e-10,7.937650580489741e-10,7.583973905427683e-10,6.436373040755335e-10,4.6355558671582207e-10,2.5109540423612646e-10,-1.486525408239871e-12,-2.92751326413437e-10,-5.937951379108401e-10,-8.80563657643479e-10,-1.1382512107980098e-09,-1.340405031715624e-09,-1.4476852597922383e-09,-1.431287014495121e-09,-1.286456219982738e-09,-1.0139716383901556e-09,-6.031015296877827e-10,-1.1458930226681487e-10
4.5,20.0,0.2304614238593016,-0.1789542963733362,-0.0276978416677047,-0.0132063396350255,-0.0067999394395029,-0.0026994888706807,-0.0008410834896847,-0.000210619331143,-4.320593810755452e-05,-7.374223693956122e-06,-1.0582549929751337e-06,-1.257212279798589e-07,-8.855413804534877e-09,3.511375902289594e-09,4.2146212002659345e-09,3.630649422651992e-09,2.6303847029439768e-09,1.421997477312874e-09,-1.3035042368721104e-11,-1.653208508953727e-09,-3.355632456460697e-09,-4.988543323388377e-09,-6.4509860754630965e-09,-7.589552061403002e-09,-8.197126878402178e-09,-8.114746982993791e-09,-7.296538028443227e-09,-5.740254265340934e-09,-3.421953005137901e-09,-6.460465544338783e-10
5.0,25.0,0.3488192902230694,-0.1678523521589331,-0.1160804521707798,-0.0439483355685205,-0.0133717397062572,-0.004650577916037,-0.001866119485023,-0.0007160494698356,-0.0002409660146323,-7.009024974297823e-05,-1.7682898662040587e-05,-3.8867376975772405e-06,-7.397933961445532e-07,-1.1305410919386685e-07,-4.497961910366481e-09,1.0204509884003647e-08,9.057615342832251e-09,5.032174752806819e-09,-6.064157528637867e-11,-5.861736766934831e-09,-1.1914499675979349e-08,-1.7765554624071666e-08,-2.29900455031916e-08,-2.7026356614968172e-08,-2.9194831843857543e-08,-2.894816783737296e-08,-2.6047603744936213e-08,-2.0454886690023043e-08,-1.2230205577090486e-08,-2.300213861693813e-09
5.5,8.0,0.197438757254437,-0.1847022969193008,-0.0118892422126487,-0.0006830998091609,-0.0001333596968458,-2.640989064520388e-05,-3.877224584870691e-06,-4.312460478801298e-07,-3.7446143512471694e-08,-2.591687700783437e-09,-1.4150872400669768e-10,-2.669958311484856e-12,6.779888180130413e-12,1.1772522624691552e-11,1.467220863410021e-11,1.3623820854144664e-11,1.0951523417993e-11,4.6404794266288876e-12,-2.4567088356757724e-12,-8.068039858893207e-12,-1.2916551458738874e-11,-1.6728025092013653e-11,-1.8293607382995952e-11,-1.6935576219140595e-11,-1.4522629214725916e-11,-1.2118260443722226e-11,-9.09836376208334e-12,-5.888077160573501e-12,-7.1963384931229734e-12,-1.138221428717902e-11
3.5,5.0,0.2187055947365341,-0.1760253244150707,-0.035334562575558,-0.0060039364259018,-0.0011386177550472,-0.0001797842555305,-2.130295755648745e-05,-1.921359778267597e-06,-1.3559705509718425e-07,-7.431775655691453e-09,-5.924097037756722e-11,2.923795262710098e-10,3.0550041137324384e-10,2.989457061840621e-10,2.657759444647375e-10,2.3905970170354637e-10,1.5819809170850715e-10,8.910939406930179e-11,5.0519545228526055e-12,-1.0961647147057954e-10,-2.1911161301202467e-10,-3.089828310187832e-10,-3.950625353849814e-10,-4.730660331601392e-10,-5.104270651833952e-10,-4.908396309445313e-10,-4.3700592876661605e-10,-3.589549815742049e-10,-2.0563153098153327e-10,-4.9304140486582506e-11
5.5,5.0,0.0176717946880329,-0.0176161626768914,-5.5569908581583935e-05,-6.206785489961925e-08,-3.5550911883280886e-11,-4.34314190840497e-13,-1.711786876258331e-13,-1.292717234841404e-12,1.6198380928112561e-13,-1.735863454660994e-13,-1.0396606873677604e-12,-1.3109124988652004e-12,-1.053629021759845e-12,-3.684463867862232e-13,-4.099428971037513e-13,7.14693862993774e-13,-4.25618934091206e-13,-3.654175751751045e-14,3.123004304644926e-13,-4.48575893226665e-13,-5.667131049935815e-13,3.6656104593222585e-13,9.013554152693812e-13,6.698299072870677e-13,8.909111892098753e-13,1.9354121460289278e-12,2.0998336488812694e-12,6.665476679617432e-13,8.15456347113952e-13,-9.35620122983641e-13
7.0,20.0,0.0242345673785668,-0.0053667319029026,-0.0067499101897145,-0.0056198846865773,-0.0035457244672582,-0.0017985771381668,-0.0007606999657606,-0.0002750785612878,-8.652309435553108e-05,-2.3937285417488365e-05,-5.862450387020724e-06,-1.2724485088274897e-06,-2.4088803516936133e-07,-3.510099066494695e-08,8.662625179124321e-10,5.494324516292294e-09,4.5929499145517885e-09,2.525172691142021e-09,-4.104076064763763e-11,-2.934317775151139e-09,-5.964482531694059e-09,-8.912474829340358e-09,-1.1535958283557936e-08,-1.3546503865551097e-08,-1.4630505038576976e-08,-1.4522789891500156e-08,-1.3070426219390213e-08,-1.0241962146249236e-08,-6.134469560674557e-09,-1.1424217992534623e-09
4.5,5.0,0.151674104293182,-0.1343664220103455,-0.0142001447414985,-0.0025327983398054,-0.0004845875189395,-7.882705206102758e-05,-1.0187021319298283e-05,-1.044560740285306e-06,-8.62738258735998e-08,-5.724398742276211e-09,-1.9765945401247246e-10,1.1783871013168754e-10,1.3342822584487228e-10,1.3299492828948212e-10,1.1813742271332832e-10,1.0939256502575632e-10,6.985302723617009e-11,3.9887265816227005e-11,3.0929643142497696e-12,-5.055789831501772e-11,-1.0002309054285422e-10,-1.3765040337697099e-10,-1.7466355654086955e-10,-2.1019651822912567e-10,-2.2621287540832406e-10,-2.1437104658171314e-10,-1.8972407715963677e-10,-1.58853038866078e-10,-8.985440478455632e-11,-2.506877831672693e-11
7.0,15.0,0.3776950567128365,-0.1822370029334254,-0.1110931110343158,-0.051820108579108,-0.0212933995591155,-0.0077189118833324,-0.0025274436820156,-0.0007494919983051,-0.0001980901527155,-4.602468863411256e-05,-9.345243358587654e-06,-1.6469204596074038e-06,-2.3803383761737885e-07,-1.2978370384526784e-08,1.6751402040892022e-08,1.734744370803951e-08,1.2936802988889956e-08,6.995414783379784e-09,-9.663532914571395e-11,-8.105878916973507e-09,-1.6469026853895382e-08,-2.45706800752978e-08,-3.179545277699668e-08,-3.735966497487098e-08,-4.035011787850848e-08,-4.00202036327099e-08,-3.6007481783555925e-08,-2.8246977632301893e-08,-1.6888828355555908e-08,-3.145615693446642e-09
8.0,15.0,0.0423663139918303,-0.0202432114017464,-0.0143700334169058,-0.005601128652312,-0.0015910768823703,-0.0004125789932667,-0.0001102352900445,-2.9204212148294805e-05,-7.046307371379349e-06,-1.4789739575687452e-06,-2.663833253249569e-07,-4.0705939381636026e-08,-4.720737236811906e-09,1.972837159391872e-10,7.067120184162126e-10,6.47538239707401e-10,4.718474292923933e-10,2.5554871320079053e-10,-1.924846005200204e-12,-2.9697038209871163e-10,-6.030196585135474e-10,-8.962491105171275e-10,-1.1592349132177372e-09,-1.364497997349091e-09,-1.4740420950913895e-09,-1.459090261124688e-09,-1.312083605852979e-09,-1.032723752988111e-09,-6.151351957212943e-10,-1.1554729342366407e-10
3.0,10.0,0.1003994726313721,-0.098202713714361,-0.0021794038628789,-1.728501923405205e-05,-6.988731918990022e-08,-1.8191032882331887e-10,-1.145200267945642e-11,-1.8843356885645656e-11,-1.2017345196945896e-11,-1.4932849221587385e-11,-2.050157800660624e-11,-2.2367461546415128e-11,-2.082057227287364e-11,-1.6253706872829608e-11,-1.5236218159602165e-11,-6.609802040793536e-12,-1.0376956481968375e-11,-4.424697680998225e-12,1.954562008489057e-12,2.327370261256477e-12,6.653456753506496e-12,1.6957837624759552e-11,2.4348188790697937e-11,2.620320396345464e-11,2.9178366063427185e-11,3.503337457691111e-11,3.3562670351824854e-11,2.055095622449484e-11,1.482054846781267e-11,-3.350651472344064e-12
7.0,20.0,0.0120253418663788,-0.0019139724891229,-0.002703573748518,-0.002671971144541,-0.0020882617630464,-0.0013498540080768,-0.0007383265868094,-0.0003466055736299,-0.0001410759980178,-5.018182066495059e-05,-1.5699911772175925e-05,-4.339617472780645e-06,-1.0586349015578292e-06,-2.220846749770371e-07,-3.3512801499903834e-08,2.8570221915026403e-09,6.866966309573349e-09,4.2270148888222325e-09,-9.847143382132618e-11,-5.107707074649351e-09,-1.0380949548129912e-08,-1.552567972929763e-08,-2.0098873637143612e-08,-2.35936424991006e-08,-2.5481399080942693e-08,-2.5306309036426094e-08,-2.2780710671921453e-08,-1.7842008477285776e-08,-1.0702187306116333e-08,-2.0031353404524902e-09
4.5,10.0,0.1288638949550608,-0.0972607250411342,-0.0238024519064818,-0.0056314281751581,-0.0015890851725666,-0.0004422370386998,-0.0001094790509661,-2.339205161968051e-05,-4.302305316787676e-06,-6.827530308283259e-07,-9.323599868819061e-08,-1.0354208059563246e-08,-2.5876107349318063e-10,7.758641531840548e-10,7.865700583408143e-10,6.760002090531575e-10,4.828090668376562e-10,2.6258062470388e-10,1.820098503159769e-13,-3.0792076753135e-10,-6.236048371784529e-10,-9.198326293257391e-10,-1.1876493291657214e-09,-1.401031903117899e-09,-1.513094575116246e-09,-1.4916558004482782e-09,-1.3393950378512348e-09,-1.0602866783653234e-09,-6.281703658034471e-10,-1.2252482878605976e-10
3.0,5.0,0.1484736645266222,-0.1124240192063064,-0.0289411858816115,-0.0058599325081718,-0.0010727214956479,-0.0001563175796048,-1.776967290819748e-05,-1.5955408255933885e-06,-1.144505736039569e-07,-6.420182961880042e-09,-4.6202984934379016e-11,2.665684824148034e-10,2.7784321871836395e-10,2.7012493536093696e-10,2.4048771414775227e-10,2.13258644844121e-10,1.4370723539172555e-10,8.033801068700371e-11,3.6089164158721176e-12,-9.747969933751356e-11,-1.9571719493460808e-10,-2.7925637426289135e-10,-3.5820545585549275e-10,-4.2766553476172287e-10,-4.61834416536171e-10,-4.4711601123486734e-10,-3.9910031174959875e-10,-3.24798566007808e-10,-1.8737159146224656e-10,-4.1941627381198025e-11
8.0,20.0,0.3567267746166908,-0.2753493947849053,-0.0730845075587729,-0.0078272304931106,-0.0004492538302514,-1.599619927820083e-05,-3.875065052262924e-07,-7.575261130518745e-09,-9.713550421404823e-10,-9.599431539783778e-10,-1.0234593565081275e-09,-1.0520213959589951e-09,-1.0399700975393123e-09,-9.789176492178735e-10,-8.912549312235813e-10,-7.174717649328733e-10,-5.515932538866641e-10,-2.895498936885847e-10,1.6791852712223708e-11,3.2494294169823187e-10,6.656330015535516e-10,1.0257509719390283e-09,1.335230703512845e-09,1.5510033499783332e-09,1.6750079235391e-09,1.6893052888568295e-09,1.527703785256323e-09,1.1674959191534195e-09,7.149072942061666e-10,1.1343285299489696e-10
5.5,20.0,0.2291500639391118,-0.2033471057018528,-0.0189445036736363,-0.0035702216330022,-0.0018842527733562,-0.0008876185066451,-0.000348716721684,-0.0001184545021504,-3.593547201120534e-05,-9.94835252858835e-06,-2.5332435568887847e-06,-5.90589923828537e-07,-1.2351534879770762e-07,-2.1244473327495065e-08,-1.223810781382214e-09,1.938213041239493e-09,1.805630769865371e-09,1.016059572653786e-09,-1.2214406672332608e-11,-1.1951836417183634e-09,-2.425371666124865e-09,-3.607406607072847e-09,-4.664226973821011e-09,-5.484166078487942e-09,-5.921772107935644e-09,-5.863787537983037e-09,-5.272916999961773e-09,-4.146476452399249e-09,-2.476729075614766e-09,-4.744746147804285e-10
6.0,15.0,0.050340399431117,-0.0398895488334308,-0.0032092637663657,-0.0027988713034202,-0.0020865098466986,-0.001272432790258,-0.0006497712510521,-0.0002820444476508,-0.0001052130225339,-3.402542575970199e-05,-9.60680696587406e-06,-2.3785989368920883e-06,-5.138863072643739e-07,-9.162017824198436e-08,-7.859006284533817e-09,5.6498141286690895e-09,5.792089953794044e-09,3.280870995971457e-09,-6.066203982719074e-11,-3.8474415916539716e-09,-7.820405021790387e-09,-1.16922010539767e-08,-1.5134465770911087e-08,-1.7766530857609456e-08,-1.9186844824731584e-08,-1.905122278098409e-08,-1.7147671934656497e-08,-1.3430905261037956e-08,-8.052060053481453e-09,-1.5041013484835532e-09
4.0,20.0,0.3792725631455113,-0.1450417130780381,-0.1107000204589889,-0.0671109061246331,-0.0334613983658977,-0.0145553602792387,-0.005625273213726,-0.0019474579567602,-0.0006060652658259,-0.0001695300669014,-4.252559426199028e-05,-9.518810424702516e-06,-1.8671470989960608e-06,-2.880200757231774e-07,-1.9511216057160077e-09,3.7403180133993226e-08,3.217666155356021e-08,1.778474446316739e-08,-2.774201373410449e-10,-2.0704161833077123e-08,-4.208228842831609e-08,-6.285237254253863e-08,-8.134939545947266e-08,-9.5549244152314e-08,-1.03198977596714e-07,-1.0241434741604308e-07,-9.21669529417027e-08,-7.225356750800868e-08,-4.3257659547112686e-08,-8.067505510497838e-09
7.0,8.0,0.0238734687770882,-0.011340710554229,-0.0084184822181635,-0.0032221371628688,-0.0007575280696487,-0.0001198309680309,-1.355395197334189e-05,-1.146174615732112e-06,-7.487835739774825e-08,-3.743990648281924e-09,4.872703298940525e-12,1.6846884543718795e-10,1.7279981972140406e-10,1.650179287414826e-10,1.4941037058142866e-10,1.2467681492503542e-10,9.151705790427419e-11,4.899505045614229e-11,-1.2559315299981726e-12,-5.6834657351889456e-11,-1.1524628330367771e-10,-1.7249343611385832e-10,-2.2308878919584514e-10,-2.612648704764301e-10,-2.8182312071774886e-10,-2.799779165704321e-10,-2.5189673897358537e-10,-1.9668844606816926e-10,-1.1825698430839075e-10,-2.2271277184528244e-11
